record_id,model,variant,gold_family,pool_size,pool_oracle,rrf_hit@1,rrf_hit@5,llm_hit@1,llm_hit@5,rrf_top1_graded,llm_top1_graded,parse_success,prefix_complete,returned_count,target_count,self_source_any,self_source_exclusive,source_gemma,source_llama,source_mistral,source_qwen,elapsed_seconds,llm_minus_rrf_hit1
nvbench2:dev:17,mistral-small:24b,full,line,8,0.0,0.0,0.0,0.0,0.0,0.44000000000000006,0.44000000000000006,1.0,1.0,5,5,0.0,0.0,1.0,1.0,0.0,0.0,10.047388542,0.0
nvbench2:dev:22,mistral-small:24b,full,boxplot,9,0.0,0.0,0.0,0.0,0.0,1.0,1.0,1.0,1.0,5,5,0.0,0.0,0.0,0.0,0.0,1.0,2.765182791000001,0.0
nvbench2:dev:23,mistral-small:24b,full,point,13,0.0,0.0,0.0,0.0,0.0,0.44000000000000006,0.44000000000000006,1.0,1.0,5,5,1.0,0.0,0.0,0.0,1.0,1.0,3.5784388750000016,0.0
nvbench2:dev:25,mistral-small:24b,full,rect,27,0.0,0.0,0.0,0.0,0.0,0.44000000000000006,0.44000000000000006,1.0,1.0,5,5,1.0,0.0,0.0,0.0,1.0,1.0,7.416786875,0.0
nvbench2:dev:33,mistral-small:24b,full,arc,7,0.0,0.0,0.0,0.0,0.0,0.8,1.0,1.0,1.0,5,5,1.0,1.0,0.0,0.0,1.0,0.0,2.9770967080000013,0.0
nvbench2:dev:34,mistral-small:24b,full,point,9,1.0,1.0,1.0,0.0,1.0,1.0,1.0,1.0,1.0,5,5,0.0,0.0,0.0,0.0,0.0,1.0,2.733833208,-1.0
nvbench2:dev:35,mistral-small:24b,full,bar+line+point+rect,11,0.0,0.0,0.0,0.0,0.0,0.7333333333333333,0.8,1.0,1.0,5,5,0.0,0.0,0.0,0.0,0.0,1.0,3.6342759590000036,0.0
nvbench2:dev:39,mistral-small:24b,full,arc,4,0.0,0.0,0.0,0.0,0.0,0.64,1.0,1.0,1.0,4,4,1.0,1.0,0.0,0.0,1.0,0.0,2.867661124999998,0.0
nvbench2:dev:40,mistral-small:24b,full,rect,23,0.0,0.0,0.0,0.0,0.0,0.7333333333333333,0.44000000000000006,1.0,1.0,5,5,1.0,1.0,0.0,0.0,1.0,0.0,6.140057457999994,0.0
nvbench2:dev:41,mistral-small:24b,full,arc,9,1.0,1.0,1.0,0.0,1.0,1.0,1.0,1.0,1.0,5,5,1.0,1.0,0.0,0.0,1.0,0.0,3.478100916999999,-1.0
nvbench2:dev:48,mistral-small:24b,full,arc,13,1.0,1.0,1.0,0.0,0.0,1.0,1.0,1.0,1.0,5,5,1.0,1.0,0.0,0.0,1.0,0.0,3.447582749999995,-1.0
nvbench2:dev:49,mistral-small:24b,full,line,19,0.0,0.0,0.0,0.0,0.0,0.9,0.8333333333333333,1.0,1.0,5,5,0.0,0.0,0.0,1.0,0.0,0.0,5.189847792000002,0.0
nvbench2:dev:51,mistral-small:24b,full,bar,11,0.0,0.0,0.0,0.0,0.0,0.9199999999999999,0.9199999999999999,1.0,1.0,5,5,0.0,0.0,1.0,0.0,0.0,0.0,4.082413709000001,0.0
nvbench2:dev:54,mistral-small:24b,full,bar,9,0.0,0.0,0.0,0.0,0.0,0.9199999999999999,0.9199999999999999,1.0,1.0,5,5,1.0,0.0,0.0,0.0,1.0,1.0,2.978956250000003,0.0
nvbench2:dev:57,mistral-small:24b,full,rect,21,0.0,0.0,0.0,0.0,0.0,0.9333333333333332,1.0,1.0,1.0,5,5,0.0,0.0,0.0,0.0,0.0,1.0,5.654297082999996,0.0
nvbench2:dev:61,mistral-small:24b,full,arc,6,1.0,0.0,1.0,0.0,1.0,1.0,1.0,1.0,1.0,5,5,1.0,1.0,0.0,0.0,1.0,0.0,3.059375041999999,0.0
nvbench2:dev:63,mistral-small:24b,full,arc,7,0.0,0.0,0.0,0.0,0.0,1.0,0.9,1.0,1.0,5,5,1.0,1.0,0.0,0.0,1.0,0.0,2.954776874999993,0.0
nvbench2:dev:68,mistral-small:24b,full,arc,9,0.0,0.0,0.0,0.0,0.0,1.0,1.0,1.0,1.0,5,5,1.0,1.0,0.0,0.0,1.0,0.0,3.7270327499999922,0.0
nvbench2:dev:72,mistral-small:24b,full,arc,2,0.0,0.0,0.0,0.0,0.0,1.0,1.0,1.0,1.0,2,2,1.0,1.0,0.0,0.0,1.0,0.0,2.904104000000004,0.0
nvbench2:dev:73,mistral-small:24b,full,arc,1,0.0,0.0,0.0,0.0,0.0,0.8,0.8,1.0,1.0,1,1,0.0,0.0,0.0,1.0,0.0,0.0,2.1584176660000054,0.0
nvbench2:dev:76,mistral-small:24b,full,bar,16,1.0,0.0,0.0,0.0,1.0,0.36,0.8,1.0,1.0,5,5,0.0,0.0,1.0,0.0,0.0,0.0,5.113983791999999,0.0
nvbench2:dev:83,mistral-small:24b,full,arc,4,1.0,0.0,1.0,0.0,1.0,1.0,1.0,1.0,1.0,4,4,1.0,1.0,0.0,0.0,1.0,0.0,2.4833304579999975,0.0
nvbench2:dev:84,mistral-small:24b,full,rect,22,0.0,0.0,0.0,0.0,0.0,0.36,0.8666666666666668,1.0,1.0,5,5,0.0,0.0,0.0,0.0,0.0,1.0,6.256277833000013,0.0
nvbench2:dev:89,mistral-small:24b,full,arc,9,1.0,0.0,1.0,0.0,0.0,0.2,0.2,1.0,1.0,5,5,1.0,0.0,0.0,0.0,1.0,1.0,3.6225790000000018,0.0
nvbench2:dev:92,mistral-small:24b,full,arc,7,0.0,0.0,0.0,0.0,0.0,0.8,0.8,1.0,1.0,5,5,1.0,1.0,0.0,0.0,1.0,0.0,3.208761124999995,0.0
nvbench2:dev:97,mistral-small:24b,full,line,1,0.0,0.0,0.0,0.0,0.0,0.08,0.08,1.0,1.0,1,1,0.0,0.0,0.0,1.0,0.0,0.0,1.1639841670000095,0.0
nvbench2:dev:103,mistral-small:24b,full,boxplot,14,1.0,1.0,1.0,0.0,1.0,1.0,0.8,1.0,1.0,5,5,1.0,1.0,0.0,0.0,1.0,0.0,4.177682874999988,-1.0
nvbench2:dev:105,mistral-small:24b,full,arc,11,1.0,0.0,1.0,0.0,1.0,1.0,1.0,1.0,1.0,5,5,1.0,1.0,0.0,0.0,1.0,0.0,3.9388066670000086,0.0
nvbench2:dev:108,mistral-small:24b,full,boxplot,8,0.0,0.0,0.0,0.0,0.0,0.5,1.0,1.0,1.0,5,5,1.0,1.0,0.0,0.0,1.0,0.0,2.7829734580000007,0.0
nvbench2:dev:112,mistral-small:24b,full,boxplot,1,0.0,0.0,0.0,0.0,0.0,0.8,0.8,1.0,1.0,1,1,0.0,0.0,0.0,0.0,0.0,1.0,1.7146615420000018,0.0
nvbench2:dev:114,mistral-small:24b,full,line,18,0.0,0.0,0.0,0.0,0.0,0.16,0.44000000000000006,1.0,1.0,5,5,0.0,0.0,0.0,0.0,0.0,1.0,5.883338334000001,0.0
nvbench2:dev:116,mistral-small:24b,full,arc,7,1.0,1.0,1.0,0.0,1.0,1.0,1.0,1.0,1.0,5,5,1.0,1.0,0.0,0.0,1.0,0.0,3.3559512079999934,-1.0
nvbench2:dev:118,mistral-small:24b,full,rect,10,0.0,0.0,0.0,0.0,0.0,0.9333333333333332,0.9333333333333332,1.0,1.0,5,5,1.0,0.0,0.0,0.0,1.0,1.0,3.7382103329999836,0.0
nvbench2:dev:127,mistral-small:24b,full,arc,6,1.0,0.0,1.0,1.0,1.0,1.0,1.0,1.0,1.0,5,5,0.0,0.0,1.0,0.0,0.0,0.0,3.477286208999999,1.0
nvbench2:dev:136,mistral-small:24b,full,boxplot,11,1.0,0.0,1.0,0.0,1.0,1.0,1.0,1.0,1.0,5,5,0.0,0.0,0.0,0.0,0.0,1.0,3.122302042000001,0.0
nvbench2:dev:138,mistral-small:24b,full,bar,8,0.0,0.0,0.0,0.0,0.0,0.8,0.8,1.0,1.0,5,5,0.0,0.0,0.0,0.0,0.0,1.0,2.853789541999987,0.0
nvbench2:dev:139,mistral-small:24b,full,line,8,0.0,0.0,0.0,0.0,0.0,0.7,0.7,1.0,1.0,5,5,1.0,0.0,1.0,0.0,1.0,1.0,2.747393625000001,0.0
nvbench2:dev:143,mistral-small:24b,full,rect,14,1.0,0.0,1.0,1.0,1.0,0.6666666666666667,1.0,1.0,1.0,5,5,0.0,0.0,1.0,0.0,0.0,0.0,4.210591209,1.0
nvbench2:dev:144,mistral-small:24b,full,bar,5,0.0,0.0,0.0,0.0,0.0,0.9199999999999999,0.9199999999999999,1.0,1.0,5,5,1.0,0.0,0.0,0.0,1.0,1.0,2.4205115000000035,0.0
nvbench2:dev:149,mistral-small:24b,full,point,25,0.0,0.0,0.0,0.0,0.0,1.0,1.0,1.0,1.0,5,5,0.0,0.0,0.0,0.0,0.0,1.0,5.961582083999986,0.0
nvbench2:dev:157,mistral-small:24b,full,point,26,0.0,0.0,0.0,0.0,0.0,0.36,0.36,1.0,1.0,5,5,1.0,1.0,0.0,0.0,1.0,0.0,5.822432915999997,0.0
nvbench2:dev:158,mistral-small:24b,full,point,13,0.0,0.0,0.0,0.0,0.0,0.52,0.44000000000000006,1.0,1.0,5,5,0.0,0.0,0.0,0.0,0.0,1.0,4.13733695800002,0.0
nvbench2:dev:165,mistral-small:24b,full,line,11,0.0,0.0,0.0,0.0,0.0,0.7333333333333333,0.8,1.0,1.0,5,5,0.0,0.0,0.0,0.0,0.0,1.0,4.321115582999994,0.0
nvbench2:dev:167,mistral-small:24b,full,bar,5,0.0,0.0,0.0,0.0,0.0,0.9333333333333332,0.9333333333333332,1.0,1.0,5,5,0.0,0.0,0.0,0.0,0.0,1.0,2.795459375000007,0.0
nvbench2:dev:176,mistral-small:24b,full,line,14,1.0,1.0,1.0,1.0,1.0,1.0,1.0,1.0,1.0,5,5,0.0,0.0,1.0,0.0,0.0,1.0,4.045630582999991,0.0
nvbench2:dev:182,mistral-small:24b,full,rect,11,0.0,0.0,0.0,0.0,0.0,0.16,0.4,1.0,1.0,5,5,1.0,1.0,0.0,0.0,1.0,0.0,3.954094666000003,0.0
nvbench2:dev:188,mistral-small:24b,full,rect,17,1.0,1.0,1.0,0.0,1.0,1.0,1.0,1.0,1.0,5,5,1.0,0.0,0.0,0.0,1.0,1.0,5.286374041000016,-1.0
nvbench2:dev:191,mistral-small:24b,full,rect,10,0.0,0.0,0.0,0.0,0.0,1.0,1.0,1.0,1.0,5,5,0.0,0.0,0.0,0.0,0.0,1.0,3.5285706669999968,0.0
nvbench2:dev:203,mistral-small:24b,full,bar+line,25,0.0,0.0,0.0,0.0,0.0,0.64,0.72,1.0,1.0,5,5,0.0,0.0,0.0,0.0,0.0,1.0,6.615633874999986,0.0
nvbench2:dev:214,mistral-small:24b,full,rect,19,1.0,1.0,1.0,0.0,1.0,1.0,0.6666666666666667,1.0,1.0,5,5,1.0,1.0,0.0,0.0,1.0,0.0,5.504588041999995,-1.0
nvbench2:dev:223,mistral-small:24b,full,boxplot,9,0.0,0.0,0.0,0.0,0.0,1.0,1.0,1.0,1.0,5,5,0.0,0.0,0.0,0.0,0.0,1.0,3.430879500000003,0.0
nvbench2:dev:228,mistral-small:24b,full,rect,9,0.0,0.0,0.0,0.0,0.0,0.8,0.44000000000000006,1.0,1.0,5,5,0.0,0.0,0.0,0.0,0.0,1.0,4.025059542000008,0.0
nvbench2:dev:232,mistral-small:24b,full,arc,8,1.0,0.0,1.0,0.0,1.0,1.0,0.9,1.0,1.0,5,5,1.0,1.0,0.0,0.0,1.0,0.0,3.222704582999995,0.0
nvbench2:dev:245,mistral-small:24b,full,line,18,0.0,0.0,0.0,0.0,0.0,0.5866666666666667,0.8,1.0,1.0,5,5,1.0,1.0,0.0,0.0,1.0,0.0,6.491910791999999,0.0
nvbench2:dev:252,mistral-small:24b,full,rect,5,0.0,0.0,0.0,0.0,0.0,0.4,0.16,1.0,1.0,5,5,1.0,1.0,0.0,0.0,1.0,0.0,2.99036183299998,0.0
nvbench2:dev:253,mistral-small:24b,full,arc+bar+line,7,1.0,0.0,0.0,0.0,1.0,0.9,0.9,1.0,1.0,5,5,1.0,0.0,0.0,0.0,1.0,1.0,2.552722375000002,0.0
nvbench2:dev:255,mistral-small:24b,full,bar,4,0.0,0.0,0.0,0.0,0.0,0.7333333333333333,0.8,1.0,1.0,4,4,0.0,0.0,0.0,0.0,0.0,1.0,2.5043807909999884,0.0
nvbench2:dev:256,mistral-small:24b,full,rect,21,0.0,0.0,0.0,0.0,0.0,0.8,0.5333333333333334,1.0,1.0,5,5,0.0,0.0,0.0,0.0,0.0,1.0,9.76720229099999,0.0
nvbench2:dev:259,mistral-small:24b,full,point,17,0.0,0.0,0.0,0.0,0.0,0.8400000000000001,0.8400000000000001,1.0,1.0,5,5,1.0,0.0,1.0,0.0,1.0,1.0,5.468586334000008,0.0
nvbench2:dev:278,mistral-small:24b,full,arc,8,1.0,1.0,1.0,1.0,1.0,1.0,1.0,1.0,1.0,5,5,1.0,0.0,1.0,0.0,1.0,0.0,3.484478832999997,0.0
nvbench2:dev:283,mistral-small:24b,full,rect,15,0.0,0.0,0.0,0.0,0.0,0.26666666666666666,0.24000000000000005,1.0,1.0,5,5,1.0,1.0,0.0,0.0,1.0,0.0,6.282038499999999,0.0
nvbench2:dev:286,mistral-small:24b,full,bar,5,0.0,0.0,0.0,0.0,0.0,0.9199999999999999,0.9199999999999999,1.0,1.0,5,5,1.0,0.0,0.0,0.0,1.0,1.0,3.4810626249999927,0.0
nvbench2:dev:292,mistral-small:24b,full,rect,7,0.0,0.0,0.0,0.0,0.0,0.7333333333333333,0.7333333333333333,1.0,1.0,5,5,0.0,0.0,0.0,0.0,0.0,1.0,4.526564374999964,0.0
nvbench2:dev:296,mistral-small:24b,full,bar,13,0.0,0.0,0.0,0.0,0.0,0.44000000000000006,0.9199999999999999,1.0,1.0,5,5,1.0,1.0,0.0,0.0,1.0,0.0,4.805202042000019,0.0
nvbench2:dev:298,mistral-small:24b,full,bar,3,0.0,0.0,0.0,0.0,0.0,0.9199999999999999,0.9199999999999999,1.0,1.0,3,3,1.0,1.0,0.0,0.0,1.0,0.0,3.36496629100003,0.0
nvbench2:dev:300,mistral-small:24b,full,arc,10,1.0,0.0,0.0,0.0,0.0,1.0,1.0,1.0,1.0,5,5,1.0,1.0,0.0,0.0,1.0,0.0,4.155484415999979,0.0
nvbench2:dev:302,mistral-small:24b,full,rect,17,0.0,0.0,0.0,0.0,0.0,0.7333333333333333,0.6,1.0,1.0,5,5,0.0,0.0,1.0,0.0,0.0,0.0,6.177834332999964,0.0
nvbench2:dev:307,mistral-small:24b,full,rect,3,0.0,0.0,0.0,0.0,0.0,0.6666666666666666,0.6666666666666666,1.0,1.0,3,3,1.0,1.0,0.0,0.0,1.0,0.0,2.9804600420000043,0.0
nvbench2:dev:314,mistral-small:24b,full,arc,2,0.0,0.0,0.0,0.0,0.0,1.0,1.0,1.0,1.0,2,2,1.0,1.0,0.0,0.0,1.0,0.0,2.1294075410000346,0.0
nvbench2:dev:315,mistral-small:24b,full,bar,14,1.0,1.0,1.0,0.0,0.0,1.0,1.0,1.0,1.0,5,5,0.0,0.0,0.0,0.0,0.0,1.0,4.7871982909999815,-1.0
nvbench2:dev:317,mistral-small:24b,full,rect,9,0.0,0.0,0.0,0.0,0.0,0.7333333333333333,0.7333333333333333,1.0,1.0,5,5,0.0,0.0,0.0,0.0,0.0,1.0,4.237828707999995,0.0
nvbench2:dev:319,mistral-small:24b,full,boxplot,17,1.0,1.0,1.0,1.0,1.0,1.0,1.0,1.0,1.0,5,5,1.0,0.0,1.0,0.0,1.0,0.0,5.022588750000011,0.0
nvbench2:dev:326,mistral-small:24b,full,rect,9,0.0,0.0,0.0,0.0,0.0,0.44000000000000006,0.44000000000000006,1.0,1.0,5,5,1.0,1.0,0.0,0.0,1.0,0.0,3.4139766249999752,0.0
nvbench2:dev:327,mistral-small:24b,full,boxplot,10,0.0,0.0,0.0,0.0,0.0,0.4,0.4,1.0,1.0,5,5,1.0,0.0,0.0,0.0,1.0,1.0,3.206074540999964,0.0
nvbench2:dev:331,mistral-small:24b,full,bar,13,0.0,0.0,0.0,0.0,0.0,1.0,1.0,1.0,1.0,5,5,1.0,1.0,0.0,0.0,1.0,0.0,4.382961375000036,0.0
nvbench2:dev:332,mistral-small:24b,full,arc,8,0.0,0.0,0.0,0.0,0.0,0.2,0.2,1.0,1.0,5,5,1.0,0.0,0.0,0.0,1.0,1.0,3.1127656250000086,0.0
nvbench2:dev:336,mistral-small:24b,full,arc,4,1.0,0.0,1.0,0.0,1.0,0.8,0.8,1.0,1.0,4,4,1.0,1.0,0.0,0.0,1.0,0.0,2.593972584000028,0.0
nvbench2:dev:338,mistral-small:24b,full,rect,14,0.0,0.0,0.0,0.0,0.0,0.7333333333333333,0.7333333333333333,1.0,1.0,5,5,0.0,0.0,0.0,0.0,0.0,1.0,4.206547999999998,0.0
nvbench2:dev:340,mistral-small:24b,full,rect,13,0.0,0.0,0.0,0.0,0.0,0.44000000000000006,0.44000000000000006,1.0,1.0,5,5,1.0,0.0,0.0,0.0,1.0,1.0,4.281362250000029,0.0
nvbench2:dev:346,mistral-small:24b,full,bar+line+rect,12,0.0,0.0,0.0,0.0,0.0,0.4666666666666667,0.4666666666666667,1.0,1.0,5,5,0.0,0.0,1.0,0.0,0.0,0.0,4.973343874999955,0.0
nvbench2:dev:358,mistral-small:24b,full,bar,14,1.0,0.0,0.0,0.0,1.0,0.9199999999999999,1.0,1.0,1.0,5,5,1.0,1.0,0.0,0.0,1.0,0.0,4.31883908399999,0.0
nvbench2:dev:362,mistral-small:24b,full,rect,8,0.0,0.0,0.0,0.0,0.0,0.6,0.6666666666666667,1.0,1.0,5,5,0.0,0.0,0.0,0.0,0.0,1.0,3.915985833000036,0.0
nvbench2:dev:367,mistral-small:24b,full,bar,11,0.0,0.0,0.0,0.0,0.0,0.9199999999999999,0.64,1.0,1.0,5,5,0.0,0.0,1.0,0.0,0.0,0.0,3.688537999999994,0.0
nvbench2:dev:381,mistral-small:24b,full,rect,16,1.0,0.0,1.0,0.0,1.0,0.9333333333333332,0.9333333333333332,1.0,1.0,5,5,0.0,0.0,0.0,0.0,0.0,1.0,5.043538542000022,0.0
nvbench2:dev:383,mistral-small:24b,full,rect,17,1.0,0.0,1.0,0.0,0.0,1.0,0.9,1.0,1.0,5,5,0.0,0.0,0.0,0.0,0.0,1.0,4.919655083999999,0.0
nvbench2:dev:384,mistral-small:24b,full,bar,14,0.0,0.0,0.0,0.0,0.0,0.6799999999999999,0.7,1.0,1.0,5,5,0.0,0.0,1.0,0.0,0.0,0.0,5.985514249999994,0.0
nvbench2:dev:388,mistral-small:24b,full,rect,8,0.0,0.0,0.0,0.0,0.0,0.6666666666666667,0.6666666666666667,1.0,1.0,5,5,0.0,0.0,0.0,0.0,0.0,1.0,4.837971124999967,0.0
nvbench2:dev:394,mistral-small:24b,full,arc,3,0.0,0.0,0.0,0.0,0.0,0.9,0.9,1.0,1.0,3,3,1.0,1.0,0.0,0.0,1.0,0.0,2.097712042000012,0.0
nvbench2:dev:398,mistral-small:24b,full,line,6,1.0,1.0,1.0,1.0,1.0,1.0,1.0,1.0,1.0,5,5,0.0,0.0,1.0,0.0,0.0,1.0,2.99468916699999,0.0
nvbench2:dev:403,mistral-small:24b,full,point,10,0.0,0.0,0.0,0.0,0.0,0.4,0.8,1.0,1.0,5,5,0.0,0.0,1.0,0.0,0.0,0.0,4.272827124999992,0.0
nvbench2:dev:405,mistral-small:24b,full,bar,11,1.0,1.0,1.0,0.0,0.0,1.0,1.0,1.0,1.0,5,5,1.0,1.0,0.0,0.0,1.0,0.0,4.047640875000013,-1.0
nvbench2:dev:421,mistral-small:24b,full,arc,8,0.0,0.0,0.0,0.0,0.0,0.8,0.8,1.0,1.0,5,5,1.0,0.0,1.0,0.0,1.0,0.0,4.3775539579999645,0.0
nvbench2:dev:422,mistral-small:24b,full,arc,1,0.0,0.0,0.0,0.0,0.0,0.8,0.8,1.0,1.0,1,1,0.0,0.0,1.0,0.0,0.0,0.0,2.697389417000011,0.0
nvbench2:dev:436,mistral-small:24b,full,point,13,0.0,0.0,0.0,0.0,0.0,0.6,0.6,1.0,1.0,5,5,0.0,0.0,0.0,0.0,0.0,1.0,4.582924666999986,0.0
nvbench2:dev:444,mistral-small:24b,full,point,7,0.0,0.0,0.0,0.0,0.0,0.06666666666666667,0.3333333333333333,1.0,1.0,5,5,0.0,0.0,0.0,0.0,0.0,1.0,3.9198015410000266,0.0
nvbench2:dev:445,mistral-small:24b,full,boxplot,2,0.0,0.0,0.0,0.0,0.0,0.2,0.8,1.0,1.0,2,2,0.0,0.0,1.0,0.0,0.0,0.0,2.239255582999988,0.0
nvbench2:dev:455,mistral-small:24b,full,bar,13,0.0,0.0,0.0,0.0,0.0,0.9199999999999999,0.9199999999999999,1.0,1.0,5,5,0.0,0.0,0.0,0.0,0.0,1.0,3.901194165999982,0.0
nvbench2:dev:457,mistral-small:24b,full,arc,4,1.0,1.0,1.0,1.0,1.0,1.0,1.0,1.0,1.0,4,4,1.0,0.0,1.0,0.0,1.0,0.0,2.121365542000035,0.0
nvbench2:dev:462,mistral-small:24b,full,bar,8,0.0,0.0,0.0,0.0,0.0,0.8,0.8,1.0,1.0,5,5,0.0,0.0,0.0,0.0,0.0,1.0,3.029696833999992,0.0
nvbench2:dev:463,mistral-small:24b,full,bar+line+point,13,0.0,0.0,0.0,0.0,0.0,0.6533333333333333,0.52,1.0,1.0,5,5,0.0,0.0,0.0,0.0,0.0,1.0,5.62835791599997,0.0
nvbench2:dev:465,mistral-small:24b,full,arc,4,1.0,0.0,1.0,0.0,1.0,1.0,1.0,1.0,1.0,4,4,1.0,1.0,0.0,0.0,1.0,0.0,3.133680166999966,0.0
nvbench2:dev:470,mistral-small:24b,full,boxplot,8,0.0,0.0,0.0,0.0,0.0,0.8,0.8,1.0,1.0,5,5,0.0,0.0,0.0,0.0,0.0,1.0,3.83734362499996,0.0
nvbench2:dev:475,mistral-small:24b,full,bar+line,24,0.0,0.0,0.0,0.0,0.0,0.5599999999999999,0.6666666666666666,1.0,1.0,5,5,0.0,0.0,0.0,0.0,0.0,1.0,7.427023458000008,0.0
nvbench2:dev:485,mistral-small:24b,full,bar,14,0.0,0.0,0.0,0.0,0.0,0.7333333333333333,0.7333333333333333,1.0,1.0,5,5,0.0,0.0,0.0,1.0,0.0,0.0,4.360138167000002,0.0
nvbench2:dev:492,mistral-small:24b,full,arc,14,1.0,0.0,1.0,0.0,1.0,1.0,1.0,1.0,1.0,5,5,1.0,1.0,0.0,0.0,1.0,0.0,3.881747209000025,0.0
nvbench2:dev:495,mistral-small:24b,full,boxplot,11,1.0,1.0,1.0,0.0,1.0,1.0,1.0,1.0,1.0,5,5,0.0,0.0,0.0,0.0,0.0,1.0,3.532835000000034,-1.0
nvbench2:dev:498,mistral-small:24b,full,arc,3,0.0,0.0,0.0,0.0,0.0,0.8,0.8,1.0,1.0,3,3,1.0,1.0,0.0,0.0,1.0,0.0,1.807672958000012,0.0
nvbench2:dev:499,mistral-small:24b,full,line,7,1.0,0.0,1.0,1.0,1.0,1.0,1.0,1.0,1.0,5,5,0.0,0.0,1.0,0.0,0.0,1.0,2.8986974160000045,1.0
nvbench2:dev:507,mistral-small:24b,full,rect,13,0.0,0.0,0.0,0.0,0.0,0.5666666666666667,0.8,1.0,1.0,5,5,1.0,1.0,0.0,0.0,1.0,0.0,4.722586374999992,0.0
nvbench2:dev:508,mistral-small:24b,full,arc,6,1.0,0.0,1.0,0.0,1.0,1.0,1.0,1.0,1.0,5,5,1.0,1.0,0.0,0.0,1.0,0.0,2.9846779579999634,0.0
nvbench2:dev:515,mistral-small:24b,full,line,6,0.0,0.0,0.0,0.0,0.0,0.5,1.0,1.0,1.0,5,5,1.0,1.0,0.0,0.0,1.0,0.0,2.871936333000008,0.0
nvbench2:dev:531,mistral-small:24b,full,bar,10,0.0,0.0,0.0,0.0,0.0,0.9199999999999999,1.0,1.0,1.0,5,5,1.0,1.0,0.0,0.0,1.0,0.0,3.429049292000002,0.0
nvbench2:dev:538,mistral-small:24b,full,arc,7,1.0,0.0,1.0,0.0,1.0,1.0,1.0,1.0,1.0,5,5,1.0,1.0,0.0,0.0,1.0,0.0,2.398670917000004,0.0
nvbench2:dev:540,mistral-small:24b,full,bar,8,0.0,0.0,0.0,0.0,0.0,0.9199999999999999,0.9199999999999999,1.0,1.0,5,5,1.0,0.0,0.0,0.0,1.0,1.0,2.739264125000034,0.0
nvbench2:dev:551,mistral-small:24b,full,line,9,1.0,0.0,1.0,0.0,1.0,1.0,1.0,1.0,1.0,5,5,1.0,0.0,0.0,0.0,1.0,1.0,2.8400898749999897,0.0
nvbench2:dev:554,mistral-small:24b,full,point,14,1.0,0.0,1.0,1.0,1.0,0.8,1.0,1.0,1.0,5,5,1.0,0.0,1.0,0.0,1.0,0.0,4.127322499999991,1.0
nvbench2:dev:562,mistral-small:24b,full,bar,12,1.0,0.0,1.0,0.0,1.0,1.0,0.7,1.0,1.0,5,5,0.0,0.0,0.0,0.0,0.0,1.0,3.7755116669999893,0.0
nvbench2:dev:568,mistral-small:24b,full,line,6,0.0,0.0,0.0,0.0,0.0,1.0,1.0,1.0,1.0,5,5,1.0,1.0,0.0,0.0,1.0,0.0,2.556209499999966,0.0
nvbench2:dev:571,mistral-small:24b,full,rect,4,0.0,0.0,0.0,0.0,0.0,0.5333333333333333,0.5333333333333333,1.0,1.0,4,4,0.0,0.0,0.0,1.0,0.0,0.0,2.98608520800002,0.0
nvbench2:dev:572,mistral-small:24b,full,bar,8,1.0,0.0,1.0,0.0,1.0,0.9333333333333332,0.9333333333333332,1.0,1.0,5,5,0.0,0.0,0.0,0.0,0.0,1.0,3.2366845409999883,0.0
nvbench2:dev:573,mistral-small:24b,full,point,10,0.0,0.0,0.0,0.0,0.0,0.36,0.36,1.0,1.0,5,5,0.0,0.0,1.0,0.0,0.0,0.0,3.375026917000014,0.0
nvbench2:dev:603,mistral-small:24b,full,rect,8,0.0,0.0,0.0,0.0,0.0,0.8,0.8,1.0,1.0,5,5,1.0,1.0,0.0,0.0,1.0,0.0,3.146930832999999,0.0
nvbench2:dev:605,mistral-small:24b,full,line,5,1.0,0.0,1.0,0.0,1.0,0.9333333333333332,0.9333333333333332,1.0,1.0,5,5,1.0,1.0,0.0,0.0,1.0,0.0,2.576921834000018,0.0
nvbench2:dev:606,mistral-small:24b,full,bar,7,0.0,0.0,0.0,0.0,0.0,0.9199999999999999,0.8533333333333333,1.0,1.0,5,5,0.0,0.0,0.0,0.0,0.0,1.0,2.8240743750000092,0.0
nvbench2:dev:612,mistral-small:24b,full,arc,5,1.0,1.0,1.0,0.0,1.0,1.0,1.0,1.0,1.0,5,5,1.0,1.0,0.0,0.0,1.0,0.0,2.8000455840000313,-1.0
nvbench2:dev:614,mistral-small:24b,full,bar,15,0.0,0.0,0.0,0.0,0.0,0.7333333333333333,1.0,1.0,1.0,5,5,1.0,1.0,0.0,0.0,1.0,0.0,4.644357624999998,0.0
nvbench2:dev:628,mistral-small:24b,full,rect,6,0.0,0.0,0.0,0.0,0.0,0.4,0.4,1.0,1.0,5,5,0.0,0.0,1.0,0.0,0.0,0.0,4.7743580000000065,0.0
nvbench2:dev:641,mistral-small:24b,full,rect,5,0.0,0.0,0.0,0.0,0.0,0.9333333333333332,1.0,1.0,1.0,5,5,1.0,1.0,0.0,0.0,1.0,0.0,2.6187615410000262,0.0
nvbench2:dev:642,mistral-small:24b,full,line,5,0.0,0.0,0.0,0.0,0.0,0.6666666666666666,0.72,1.0,1.0,5,5,0.0,0.0,0.0,0.0,0.0,1.0,2.7666139999999473,0.0
nvbench2:dev:644,mistral-small:24b,full,bar+line,18,0.0,0.0,0.0,0.0,0.0,0.9333333333333332,1.0,1.0,1.0,5,5,0.0,0.0,0.0,0.0,0.0,1.0,5.473568499999999,0.0
nvbench2:dev:647,mistral-small:24b,full,bar,13,1.0,0.0,1.0,0.0,1.0,0.9199999999999999,1.0,1.0,1.0,5,5,1.0,1.0,0.0,0.0,1.0,0.0,4.4405093330000796,0.0
nvbench2:dev:651,mistral-small:24b,full,bar,16,0.0,0.0,0.0,0.0,0.0,0.9199999999999999,0.9199999999999999,1.0,1.0,5,5,1.0,0.0,0.0,0.0,1.0,1.0,4.589712209000027,0.0
nvbench2:dev:655,mistral-small:24b,full,line,19,0.0,0.0,0.0,0.0,0.0,0.13333333333333333,0.2,1.0,1.0,5,5,0.0,0.0,1.0,0.0,0.0,0.0,6.445362666000051,0.0
nvbench2:dev:666,mistral-small:24b,full,line,15,0.0,0.0,0.0,0.0,0.0,0.9333333333333332,1.0,1.0,1.0,5,5,0.0,0.0,0.0,0.0,0.0,1.0,4.397778832999961,0.0
nvbench2:dev:672,mistral-small:24b,full,bar,12,1.0,0.0,1.0,0.0,1.0,1.0,1.0,1.0,1.0,5,5,1.0,0.0,0.0,0.0,1.0,1.0,3.787037000000055,0.0
nvbench2:dev:675,mistral-small:24b,full,bar,10,1.0,0.0,1.0,0.0,0.0,1.0,0.8,1.0,1.0,5,5,1.0,1.0,0.0,0.0,1.0,0.0,3.3204256249999844,0.0
nvbench2:dev:681,mistral-small:24b,full,bar,13,0.0,0.0,0.0,0.0,0.0,0.64,0.64,1.0,1.0,5,5,1.0,0.0,0.0,0.0,1.0,1.0,4.133177250000017,0.0
nvbench2:dev:683,mistral-small:24b,full,bar,3,0.0,0.0,0.0,0.0,0.0,0.9199999999999999,0.9199999999999999,1.0,1.0,3,3,1.0,1.0,0.0,0.0,1.0,0.0,2.759483292000027,0.0
nvbench2:dev:684,mistral-small:24b,full,bar,0,0.0,0.0,0.0,0.0,0.0,0.0,0.0,0.0,1.0,0,0,0.0,0.0,0.0,0.0,0.0,0.0,0.0,0.0
nvbench2:dev:713,mistral-small:24b,full,bar,8,1.0,1.0,1.0,1.0,1.0,1.0,1.0,1.0,1.0,5,5,0.0,0.0,1.0,0.0,0.0,1.0,3.2523252089999914,0.0
nvbench2:dev:715,mistral-small:24b,full,point,13,0.0,0.0,0.0,0.0,0.0,0.5333333333333333,0.5333333333333333,1.0,1.0,5,5,0.0,0.0,0.0,0.0,0.0,1.0,4.394902249999973,0.0
nvbench2:dev:716,mistral-small:24b,full,boxplot,16,1.0,1.0,1.0,0.0,1.0,1.0,1.0,1.0,1.0,5,5,1.0,1.0,0.0,0.0,1.0,0.0,4.493363999999929,-1.0
nvbench2:dev:717,mistral-small:24b,full,boxplot,3,0.0,0.0,0.0,0.0,0.0,0.44000000000000006,0.52,1.0,1.0,3,3,0.0,0.0,0.0,1.0,0.0,0.0,2.4340239580000116,0.0
nvbench2:dev:718,mistral-small:24b,full,boxplot,12,0.0,0.0,0.0,0.0,0.0,0.8,0.8,1.0,1.0,5,5,0.0,0.0,0.0,0.0,0.0,1.0,3.9143946670000105,0.0
nvbench2:dev:719,mistral-small:24b,full,arc,6,0.0,0.0,0.0,0.0,0.0,0.4,0.8333333333333333,1.0,1.0,5,5,0.0,0.0,0.0,0.0,0.0,1.0,3.792771749999929,0.0
nvbench2:dev:721,mistral-small:24b,full,boxplot,8,1.0,0.0,1.0,1.0,1.0,0.6,1.0,1.0,1.0,5,5,0.0,0.0,1.0,0.0,0.0,0.0,3.805678291999925,1.0
nvbench2:dev:723,mistral-small:24b,full,boxplot,4,0.0,0.0,0.0,0.0,0.0,0.7,0.7,1.0,1.0,4,4,0.0,0.0,0.0,1.0,0.0,0.0,2.4176393329998973,0.0
nvbench2:dev:725,mistral-small:24b,full,boxplot,8,0.0,0.0,0.0,0.0,0.0,0.4,0.4,1.0,1.0,5,5,1.0,0.0,0.0,0.0,1.0,1.0,3.0573616249999986,0.0
nvbench2:dev:732,mistral-small:24b,full,bar+line+rect,13,1.0,0.0,1.0,0.0,0.0,0.52,0.52,1.0,1.0,5,5,1.0,0.0,1.0,0.0,1.0,1.0,4.498801916999923,0.0
nvbench2:dev:733,mistral-small:24b,full,bar+line+rect,23,0.0,0.0,0.0,0.0,0.0,0.9199999999999999,0.36,1.0,1.0,5,5,1.0,1.0,0.0,0.0,1.0,0.0,6.284866665999971,0.0
nvbench2:dev:17,mistral-small:24b,leave_self_out,line,8,0.0,0.0,0.0,0.0,0.0,0.44000000000000006,0.3333333333333333,1.0,1.0,5,5,0.0,0.0,0.0,1.0,0.0,0.0,3.695266584,0.0
nvbench2:dev:22,mistral-small:24b,leave_self_out,boxplot,7,0.0,0.0,0.0,0.0,0.0,1.0,1.0,1.0,1.0,5,5,0.0,0.0,0.0,0.0,0.0,1.0,3.180543875,0.0
nvbench2:dev:23,mistral-small:24b,leave_self_out,point,13,0.0,0.0,0.0,0.0,0.0,0.44000000000000006,0.44000000000000006,1.0,1.0,5,5,0.0,0.0,0.0,0.0,0.0,1.0,4.224692958,0.0
nvbench2:dev:25,mistral-small:24b,leave_self_out,rect,20,0.0,0.0,0.0,0.0,0.0,1.0,1.0,1.0,1.0,5,5,0.0,0.0,0.0,0.0,0.0,1.0,6.127782292000001,0.0
nvbench2:dev:33,mistral-small:24b,leave_self_out,arc,3,0.0,0.0,0.0,0.0,0.0,0.8,0.8,1.0,1.0,3,3,0.0,0.0,1.0,0.0,0.0,0.0,2.0503766249999984,0.0
nvbench2:dev:34,mistral-small:24b,leave_self_out,point,8,1.0,1.0,1.0,0.0,1.0,1.0,1.0,1.0,1.0,5,5,0.0,0.0,0.0,0.0,0.0,1.0,2.6886765419999996,-1.0
nvbench2:dev:35,mistral-small:24b,leave_self_out,bar+line+point+rect,9,0.0,0.0,0.0,0.0,0.0,0.7333333333333333,0.8,1.0,1.0,5,5,0.0,0.0,0.0,0.0,0.0,1.0,3.087770749999997,0.0
nvbench2:dev:39,mistral-small:24b,leave_self_out,arc,3,0.0,0.0,0.0,0.0,0.0,0.64,0.64,1.0,1.0,3,3,0.0,0.0,0.0,0.0,0.0,1.0,2.2458107090000006,0.0
nvbench2:dev:40,mistral-small:24b,leave_self_out,rect,17,0.0,0.0,0.0,0.0,0.0,0.7333333333333333,0.7333333333333333,1.0,1.0,5,5,0.0,0.0,0.0,0.0,0.0,1.0,5.195010416999999,0.0
nvbench2:dev:41,mistral-small:24b,leave_self_out,arc,7,1.0,1.0,1.0,0.0,1.0,1.0,0.6,1.0,1.0,5,5,0.0,0.0,1.0,0.0,0.0,0.0,3.5771589579999983,-1.0
nvbench2:dev:48,mistral-small:24b,leave_self_out,arc,12,1.0,1.0,1.0,1.0,1.0,1.0,1.0,1.0,1.0,5,5,0.0,0.0,1.0,0.0,0.0,0.0,3.499229542000002,0.0
nvbench2:dev:49,mistral-small:24b,leave_self_out,line,19,0.0,0.0,0.0,0.0,0.0,0.9,0.9,1.0,1.0,5,5,0.0,0.0,0.0,0.0,0.0,1.0,5.8583152080000005,0.0
nvbench2:dev:51,mistral-small:24b,leave_self_out,bar,10,0.0,0.0,0.0,0.0,0.0,0.9199999999999999,0.9199999999999999,1.0,1.0,5,5,0.0,0.0,1.0,0.0,0.0,0.0,3.7649006250000028,0.0
nvbench2:dev:54,mistral-small:24b,leave_self_out,bar,7,0.0,0.0,0.0,0.0,0.0,0.44000000000000006,0.9199999999999999,1.0,1.0,5,5,0.0,0.0,0.0,0.0,0.0,1.0,2.7439310829999997,0.0
nvbench2:dev:57,mistral-small:24b,leave_self_out,rect,14,0.0,0.0,0.0,0.0,0.0,1.0,0.44000000000000006,1.0,1.0,5,5,0.0,0.0,0.0,0.0,0.0,1.0,4.496698792000004,0.0
nvbench2:dev:61,mistral-small:24b,leave_self_out,arc,4,1.0,0.0,1.0,1.0,1.0,0.7,1.0,1.0,1.0,4,4,0.0,0.0,1.0,0.0,0.0,0.0,2.5434780829999966,1.0
nvbench2:dev:63,mistral-small:24b,leave_self_out,arc,2,0.0,0.0,0.0,0.0,0.0,0.7,0.9,1.0,1.0,2,2,0.0,0.0,0.0,1.0,0.0,0.0,1.7532048750000016,0.0
nvbench2:dev:68,mistral-small:24b,leave_self_out,arc,8,0.0,0.0,0.0,0.0,0.0,0.8,0.9,1.0,1.0,5,5,0.0,0.0,0.0,0.0,0.0,1.0,3.7894235830000014,0.0
nvbench2:dev:72,mistral-small:24b,leave_self_out,arc,1,0.0,0.0,0.0,0.0,0.0,0.0,0.0,1.0,1.0,1,1,0.0,0.0,0.0,1.0,0.0,0.0,2.105514124999999,0.0
nvbench2:dev:73,mistral-small:24b,leave_self_out,arc,1,0.0,0.0,0.0,0.0,0.0,0.8,0.8,1.0,1.0,1,1,0.0,0.0,0.0,1.0,0.0,0.0,1.9256649169999918,0.0
nvbench2:dev:76,mistral-small:24b,leave_self_out,bar,15,1.0,0.0,0.0,1.0,1.0,0.36,1.0,1.0,1.0,5,5,0.0,0.0,1.0,0.0,0.0,0.0,4.7178251250000045,1.0
nvbench2:dev:83,mistral-small:24b,leave_self_out,arc,2,1.0,1.0,1.0,1.0,1.0,1.0,1.0,1.0,1.0,2,2,0.0,0.0,1.0,0.0,0.0,0.0,1.920488000000006,0.0
nvbench2:dev:84,mistral-small:24b,leave_self_out,rect,17,0.0,0.0,0.0,0.0,0.0,0.8666666666666668,0.8666666666666668,1.0,1.0,5,5,0.0,0.0,0.0,0.0,0.0,1.0,5.462455208999998,0.0
nvbench2:dev:89,mistral-small:24b,leave_self_out,arc,7,1.0,0.0,1.0,0.0,1.0,0.2,0.2,1.0,1.0,5,5,0.0,0.0,0.0,0.0,0.0,1.0,3.2059047919999983,0.0
nvbench2:dev:92,mistral-small:24b,leave_self_out,arc,6,0.0,0.0,0.0,0.0,0.0,0.5,0.5,1.0,1.0,5,5,0.0,0.0,0.0,0.0,0.0,1.0,3.1333589999999987,0.0
nvbench2:dev:97,mistral-small:24b,leave_self_out,line,1,0.0,0.0,0.0,0.0,0.0,0.08,0.08,1.0,1.0,1,1,0.0,0.0,0.0,1.0,0.0,0.0,1.2260339159999916,0.0
nvbench2:dev:103,mistral-small:24b,leave_self_out,boxplot,8,1.0,1.0,1.0,0.0,1.0,1.0,1.0,1.0,1.0,5,5,0.0,0.0,0.0,0.0,0.0,1.0,3.166269374999999,-1.0
nvbench2:dev:105,mistral-small:24b,leave_self_out,arc,9,1.0,1.0,1.0,1.0,1.0,1.0,1.0,1.0,1.0,5,5,0.0,0.0,0.0,0.0,0.0,1.0,3.9718580830000008,0.0
nvbench2:dev:108,mistral-small:24b,leave_self_out,boxplot,5,0.0,0.0,0.0,0.0,0.0,0.5,0.4,1.0,1.0,5,5,0.0,0.0,0.0,1.0,0.0,0.0,2.530366041999997,0.0
nvbench2:dev:112,mistral-small:24b,leave_self_out,boxplot,1,0.0,0.0,0.0,0.0,0.0,0.8,0.8,1.0,1.0,1,1,0.0,0.0,0.0,0.0,0.0,1.0,2.204479500000005,0.0
nvbench2:dev:114,mistral-small:24b,leave_self_out,line,18,0.0,0.0,0.0,0.0,0.0,0.16,0.44000000000000006,1.0,1.0,5,5,0.0,0.0,0.0,0.0,0.0,1.0,6.463700000000003,0.0
nvbench2:dev:116,mistral-small:24b,leave_self_out,arc,6,1.0,0.0,1.0,1.0,1.0,0.8,1.0,1.0,1.0,5,5,0.0,0.0,1.0,0.0,0.0,0.0,3.1484762500000016,1.0
nvbench2:dev:118,mistral-small:24b,leave_self_out,rect,9,0.0,0.0,0.0,0.0,0.0,0.9333333333333332,0.9333333333333332,1.0,1.0,5,5,0.0,0.0,0.0,0.0,0.0,1.0,3.3517424579999897,0.0
nvbench2:dev:127,mistral-small:24b,leave_self_out,arc,4,1.0,1.0,1.0,1.0,1.0,1.0,1.0,1.0,1.0,4,4,0.0,0.0,1.0,0.0,0.0,0.0,2.8319170000000042,0.0
nvbench2:dev:136,mistral-small:24b,leave_self_out,boxplot,10,1.0,0.0,1.0,1.0,1.0,1.0,1.0,1.0,1.0,5,5,0.0,0.0,1.0,0.0,0.0,0.0,2.951968291,1.0
nvbench2:dev:138,mistral-small:24b,leave_self_out,bar,8,0.0,0.0,0.0,0.0,0.0,0.8,0.8,1.0,1.0,5,5,0.0,0.0,0.0,0.0,0.0,1.0,2.839245875000003,0.0
nvbench2:dev:139,mistral-small:24b,leave_self_out,line,6,0.0,0.0,0.0,0.0,0.0,0.7,0.7,1.0,1.0,5,5,0.0,0.0,0.0,0.0,0.0,1.0,2.3854480410000036,0.0
nvbench2:dev:143,mistral-small:24b,leave_self_out,rect,11,1.0,0.0,1.0,0.0,0.0,0.6666666666666667,0.6666666666666667,1.0,1.0,5,5,0.0,0.0,0.0,0.0,0.0,1.0,3.8678675839999954,0.0
nvbench2:dev:144,mistral-small:24b,leave_self_out,bar,3,0.0,0.0,0.0,0.0,0.0,0.9199999999999999,0.9199999999999999,1.0,1.0,3,3,0.0,0.0,0.0,0.0,0.0,1.0,1.8921097919999852,0.0
nvbench2:dev:149,mistral-small:24b,leave_self_out,point,16,0.0,0.0,0.0,0.0,0.0,1.0,0.5599999999999999,1.0,1.0,5,5,0.0,0.0,0.0,1.0,0.0,0.0,5.129182582999988,0.0
nvbench2:dev:157,mistral-small:24b,leave_self_out,point,19,0.0,0.0,0.0,0.0,0.0,0.36,0.36,1.0,1.0,5,5,0.0,0.0,1.0,0.0,0.0,1.0,5.167529583000004,0.0
nvbench2:dev:158,mistral-small:24b,leave_self_out,point,13,0.0,0.0,0.0,0.0,0.0,0.52,0.44000000000000006,1.0,1.0,5,5,0.0,0.0,0.0,0.0,0.0,1.0,4.394600084000018,0.0
nvbench2:dev:165,mistral-small:24b,leave_self_out,line,11,0.0,0.0,0.0,0.0,0.0,0.7333333333333333,0.8,1.0,1.0,5,5,0.0,0.0,1.0,0.0,0.0,0.0,4.744275249999987,0.0
nvbench2:dev:167,mistral-small:24b,leave_self_out,bar,5,0.0,0.0,0.0,0.0,0.0,0.9333333333333332,0.9333333333333332,1.0,1.0,5,5,0.0,0.0,0.0,0.0,0.0,1.0,2.7094014999999843,0.0
nvbench2:dev:176,mistral-small:24b,leave_self_out,line,12,1.0,1.0,1.0,0.0,0.0,1.0,0.64,1.0,1.0,5,5,0.0,0.0,0.0,0.0,0.0,1.0,3.9448509169999966,-1.0
nvbench2:dev:182,mistral-small:24b,leave_self_out,rect,4,0.0,0.0,0.0,0.0,0.0,0.6666666666666667,0.6666666666666667,1.0,1.0,4,4,0.0,0.0,0.0,0.0,0.0,1.0,3.011369916999996,0.0
nvbench2:dev:188,mistral-small:24b,leave_self_out,rect,13,1.0,1.0,1.0,0.0,0.0,1.0,0.6,1.0,1.0,5,5,0.0,0.0,0.0,0.0,0.0,1.0,4.794600416999998,-1.0
nvbench2:dev:191,mistral-small:24b,leave_self_out,rect,4,0.0,0.0,0.0,0.0,0.0,1.0,1.0,1.0,1.0,4,4,0.0,0.0,0.0,0.0,0.0,1.0,2.437142291999976,0.0
nvbench2:dev:203,mistral-small:24b,leave_self_out,bar+line,20,0.0,0.0,0.0,0.0,0.0,0.72,0.72,1.0,1.0,5,5,0.0,0.0,0.0,0.0,0.0,1.0,5.559459082999979,0.0
nvbench2:dev:214,mistral-small:24b,leave_self_out,rect,17,1.0,1.0,1.0,0.0,0.0,1.0,0.7333333333333333,1.0,1.0,5,5,0.0,0.0,0.0,0.0,0.0,1.0,5.341657916999992,-1.0
nvbench2:dev:223,mistral-small:24b,leave_self_out,boxplot,9,0.0,0.0,0.0,0.0,0.0,1.0,1.0,1.0,1.0,5,5,0.0,0.0,0.0,0.0,0.0,1.0,3.7066407079999806,0.0
nvbench2:dev:228,mistral-small:24b,leave_self_out,rect,8,0.0,0.0,0.0,0.0,0.0,0.5333333333333333,0.44000000000000006,1.0,1.0,5,5,0.0,0.0,0.0,0.0,0.0,1.0,3.8933485839999946,0.0
nvbench2:dev:232,mistral-small:24b,leave_self_out,arc,2,0.0,0.0,0.0,0.0,0.0,0.6,0.6,1.0,1.0,2,2,0.0,0.0,0.0,1.0,0.0,0.0,2.138650375000026,0.0
nvbench2:dev:245,mistral-small:24b,leave_self_out,line,17,0.0,0.0,0.0,0.0,0.0,0.5866666666666667,0.8,1.0,1.0,5,5,0.0,0.0,1.0,0.0,0.0,0.0,6.035572708000018,0.0
nvbench2:dev:252,mistral-small:24b,leave_self_out,rect,3,0.0,0.0,0.0,0.0,0.0,0.4,0.4,1.0,1.0,3,3,0.0,0.0,0.0,0.0,0.0,1.0,1.9514209170000072,0.0
nvbench2:dev:253,mistral-small:24b,leave_self_out,arc+bar+line,7,1.0,0.0,0.0,0.0,0.0,0.9,0.9,1.0,1.0,5,5,0.0,0.0,0.0,0.0,0.0,1.0,2.702650291999987,0.0
nvbench2:dev:255,mistral-small:24b,leave_self_out,bar,4,0.0,0.0,0.0,0.0,0.0,0.7333333333333333,0.8,1.0,1.0,4,4,0.0,0.0,0.0,0.0,0.0,1.0,2.193185915999976,0.0
nvbench2:dev:256,mistral-small:24b,leave_self_out,rect,20,0.0,0.0,0.0,0.0,0.0,0.8,0.4666666666666667,1.0,1.0,5,5,0.0,0.0,0.0,0.0,0.0,1.0,8.559476333999982,0.0
nvbench2:dev:259,mistral-small:24b,leave_self_out,point,11,0.0,0.0,0.0,0.0,0.0,0.72,0.8400000000000001,1.0,1.0,5,5,0.0,0.0,0.0,0.0,0.0,1.0,4.115051792000003,0.0
nvbench2:dev:278,mistral-small:24b,leave_self_out,arc,6,1.0,1.0,1.0,1.0,1.0,1.0,1.0,1.0,1.0,5,5,0.0,0.0,1.0,0.0,0.0,0.0,2.7909479579999754,0.0
nvbench2:dev:283,mistral-small:24b,leave_self_out,rect,14,0.0,0.0,0.0,0.0,0.0,0.26666666666666666,0.26666666666666666,1.0,1.0,5,5,0.0,0.0,0.0,0.0,0.0,1.0,5.858746832999998,0.0
nvbench2:dev:286,mistral-small:24b,leave_self_out,bar,4,0.0,0.0,0.0,0.0,0.0,0.9199999999999999,0.9199999999999999,1.0,1.0,4,4,0.0,0.0,0.0,0.0,0.0,1.0,3.1778363329999877,0.0
nvbench2:dev:292,mistral-small:24b,leave_self_out,rect,5,0.0,0.0,0.0,0.0,0.0,0.7333333333333333,0.7333333333333333,1.0,1.0,5,5,0.0,0.0,0.0,0.0,0.0,1.0,4.281423583999981,0.0
nvbench2:dev:296,mistral-small:24b,leave_self_out,bar,7,0.0,0.0,0.0,0.0,0.0,0.44000000000000006,0.44000000000000006,1.0,1.0,5,5,0.0,0.0,0.0,0.0,0.0,1.0,3.8235457500000223,0.0
nvbench2:dev:298,mistral-small:24b,leave_self_out,bar,0,0.0,0.0,0.0,0.0,0.0,0.0,0.0,0.0,1.0,0,0,0.0,0.0,0.0,0.0,0.0,0.0,0.0,0.0
nvbench2:dev:300,mistral-small:24b,leave_self_out,arc,5,1.0,1.0,1.0,1.0,1.0,1.0,1.0,1.0,1.0,5,5,0.0,0.0,1.0,0.0,0.0,0.0,3.2857914169999844,0.0
nvbench2:dev:302,mistral-small:24b,leave_self_out,rect,13,0.0,0.0,0.0,0.0,0.0,0.7333333333333333,0.6,1.0,1.0,5,5,0.0,0.0,1.0,0.0,0.0,0.0,4.560402625000023,0.0
nvbench2:dev:307,mistral-small:24b,leave_self_out,rect,2,0.0,0.0,0.0,0.0,0.0,0.08,0.08,1.0,1.0,2,2,0.0,0.0,0.0,1.0,0.0,0.0,2.134542833000012,0.0
nvbench2:dev:314,mistral-small:24b,leave_self_out,arc,0,0.0,0.0,0.0,0.0,0.0,0.0,0.0,0.0,1.0,0,0,0.0,0.0,0.0,0.0,0.0,0.0,0.0,0.0
nvbench2:dev:315,mistral-small:24b,leave_self_out,bar,13,1.0,0.0,1.0,1.0,1.0,1.0,1.0,1.0,1.0,5,5,0.0,0.0,1.0,0.0,0.0,0.0,4.291121583000006,1.0
nvbench2:dev:317,mistral-small:24b,leave_self_out,rect,9,0.0,0.0,0.0,0.0,0.0,0.7333333333333333,0.7333333333333333,1.0,1.0,5,5,0.0,0.0,0.0,0.0,0.0,1.0,4.243341915999991,0.0
nvbench2:dev:319,mistral-small:24b,leave_self_out,boxplot,14,1.0,1.0,1.0,1.0,1.0,1.0,1.0,1.0,1.0,5,5,0.0,0.0,1.0,0.0,0.0,0.0,4.55454204199998,0.0
nvbench2:dev:326,mistral-small:24b,leave_self_out,rect,8,0.0,0.0,0.0,0.0,0.0,0.26666666666666666,0.26666666666666666,1.0,1.0,5,5,0.0,0.0,0.0,0.0,0.0,1.0,2.9580789169999946,0.0
nvbench2:dev:327,mistral-small:24b,leave_self_out,boxplot,9,0.0,0.0,0.0,0.0,0.0,0.5,0.4,1.0,1.0,5,5,0.0,0.0,0.0,0.0,0.0,1.0,3.075717666999992,0.0
nvbench2:dev:331,mistral-small:24b,leave_self_out,bar,12,0.0,0.0,0.0,0.0,0.0,0.5,0.7333333333333333,1.0,1.0,5,5,0.0,0.0,0.0,0.0,0.0,1.0,4.449950916999967,0.0
nvbench2:dev:332,mistral-small:24b,leave_self_out,arc,6,0.0,0.0,0.0,0.0,0.0,0.2,0.2,1.0,1.0,5,5,0.0,0.0,0.0,0.0,0.0,1.0,3.14715933399998,0.0
nvbench2:dev:336,mistral-small:24b,leave_self_out,arc,2,0.0,0.0,0.0,0.0,0.0,0.4,0.4,1.0,1.0,2,2,0.0,0.0,0.0,1.0,0.0,0.0,1.9912658339999894,0.0
nvbench2:dev:338,mistral-small:24b,leave_self_out,rect,11,0.0,0.0,0.0,0.0,0.0,0.7333333333333333,0.7333333333333333,1.0,1.0,5,5,0.0,0.0,0.0,0.0,0.0,1.0,4.499005375000024,0.0
nvbench2:dev:340,mistral-small:24b,leave_self_out,rect,12,0.0,0.0,0.0,0.0,0.0,0.9333333333333332,0.44000000000000006,1.0,1.0,5,5,0.0,0.0,1.0,0.0,0.0,0.0,4.081855665999967,0.0
nvbench2:dev:346,mistral-small:24b,leave_self_out,bar+line+rect,11,0.0,0.0,0.0,0.0,0.0,0.4666666666666667,0.72,1.0,1.0,5,5,0.0,0.0,1.0,0.0,0.0,0.0,4.392727292000018,0.0
nvbench2:dev:358,mistral-small:24b,leave_self_out,bar,8,1.0,0.0,0.0,1.0,1.0,0.9199999999999999,1.0,1.0,1.0,5,5,0.0,0.0,0.0,0.0,0.0,1.0,3.2124396670000124,1.0
nvbench2:dev:362,mistral-small:24b,leave_self_out,rect,5,0.0,0.0,0.0,0.0,0.0,0.6,0.6,1.0,1.0,5,5,0.0,0.0,0.0,0.0,0.0,1.0,3.3194697920000067,0.0
nvbench2:dev:367,mistral-small:24b,leave_self_out,bar,9,0.0,0.0,0.0,0.0,0.0,0.64,0.64,1.0,1.0,5,5,0.0,0.0,0.0,0.0,0.0,1.0,3.4018482499999436,0.0
nvbench2:dev:381,mistral-small:24b,leave_self_out,rect,10,0.0,0.0,0.0,0.0,0.0,0.9333333333333332,0.9333333333333332,1.0,1.0,5,5,0.0,0.0,0.0,0.0,0.0,1.0,3.7560174999999845,0.0
nvbench2:dev:383,mistral-small:24b,leave_self_out,rect,16,1.0,0.0,1.0,0.0,0.0,1.0,0.44000000000000006,1.0,1.0,5,5,0.0,0.0,1.0,0.0,0.0,0.0,4.335171375000016,0.0
nvbench2:dev:384,mistral-small:24b,leave_self_out,bar,14,0.0,0.0,0.0,0.0,0.0,0.6799999999999999,0.7,1.0,1.0,5,5,0.0,0.0,1.0,0.0,0.0,0.0,5.11481816700001,0.0
nvbench2:dev:388,mistral-small:24b,leave_self_out,rect,7,0.0,0.0,0.0,0.0,0.0,0.6666666666666667,0.4,1.0,1.0,5,5,0.0,0.0,0.0,0.0,0.0,1.0,3.9182629169999927,0.0
nvbench2:dev:394,mistral-small:24b,leave_self_out,arc,1,0.0,0.0,0.0,0.0,0.0,0.9,0.9,1.0,1.0,1,1,0.0,0.0,1.0,0.0,0.0,0.0,1.0433900410000092,0.0
nvbench2:dev:398,mistral-small:24b,leave_self_out,line,4,1.0,1.0,1.0,1.0,1.0,1.0,1.0,1.0,1.0,4,4,0.0,0.0,1.0,0.0,0.0,1.0,2.1796398339999996,0.0
nvbench2:dev:403,mistral-small:24b,leave_self_out,point,10,0.0,0.0,0.0,0.0,0.0,0.4,0.8,1.0,1.0,5,5,0.0,0.0,1.0,0.0,0.0,0.0,3.98342550000001,0.0
nvbench2:dev:405,mistral-small:24b,leave_self_out,bar,8,1.0,1.0,1.0,1.0,1.0,1.0,1.0,1.0,1.0,5,5,0.0,0.0,1.0,0.0,0.0,1.0,3.0500743750000083,0.0
nvbench2:dev:421,mistral-small:24b,leave_self_out,arc,1,0.0,0.0,0.0,0.0,0.0,0.8,0.8,1.0,1.0,1,1,0.0,0.0,1.0,0.0,0.0,0.0,2.137888791000023,0.0
nvbench2:dev:422,mistral-small:24b,leave_self_out,arc,1,0.0,0.0,0.0,0.0,0.0,0.8,0.8,1.0,1.0,1,1,0.0,0.0,1.0,0.0,0.0,0.0,2.0740767499999606,0.0
nvbench2:dev:436,mistral-small:24b,leave_self_out,point,11,0.0,0.0,0.0,0.0,0.0,0.4,0.4,1.0,1.0,5,5,0.0,0.0,0.0,0.0,0.0,1.0,3.882681416999958,0.0
nvbench2:dev:444,mistral-small:24b,leave_self_out,point,7,0.0,0.0,0.0,0.0,0.0,0.06666666666666667,0.3333333333333333,1.0,1.0,5,5,0.0,0.0,0.0,0.0,0.0,1.0,3.8074755829999845,0.0
nvbench2:dev:445,mistral-small:24b,leave_self_out,boxplot,2,0.0,0.0,0.0,0.0,0.0,0.2,0.8,1.0,1.0,2,2,0.0,0.0,1.0,0.0,0.0,0.0,2.214250708999998,0.0
nvbench2:dev:455,mistral-small:24b,leave_self_out,bar,13,0.0,0.0,0.0,0.0,0.0,0.9199999999999999,0.9199999999999999,1.0,1.0,5,5,0.0,0.0,0.0,0.0,0.0,1.0,3.876090667000028,0.0
nvbench2:dev:457,mistral-small:24b,leave_self_out,arc,1,1.0,1.0,1.0,1.0,1.0,1.0,1.0,1.0,1.0,1,1,0.0,0.0,1.0,0.0,0.0,0.0,1.24456674999999,0.0
nvbench2:dev:462,mistral-small:24b,leave_self_out,bar,8,0.0,0.0,0.0,0.0,0.0,0.8,0.8,1.0,1.0,5,5,0.0,0.0,0.0,0.0,0.0,1.0,3.0181278750000047,0.0
nvbench2:dev:463,mistral-small:24b,leave_self_out,bar+line+point,13,0.0,0.0,0.0,0.0,0.0,0.6533333333333333,0.52,1.0,1.0,5,5,0.0,0.0,0.0,0.0,0.0,1.0,5.721143624999968,0.0
nvbench2:dev:465,mistral-small:24b,leave_self_out,arc,2,1.0,1.0,1.0,1.0,1.0,1.0,1.0,1.0,1.0,2,2,0.0,0.0,1.0,0.0,0.0,0.0,2.66732829099999,0.0
nvbench2:dev:470,mistral-small:24b,leave_self_out,boxplot,7,0.0,0.0,0.0,0.0,0.0,0.8,0.8,1.0,1.0,5,5,0.0,0.0,0.0,0.0,0.0,1.0,3.686482333000015,0.0
nvbench2:dev:475,mistral-small:24b,leave_self_out,bar+line,18,0.0,0.0,0.0,0.0,0.0,0.6666666666666667,0.6666666666666666,1.0,1.0,5,5,0.0,0.0,1.0,0.0,0.0,0.0,5.953032416999974,0.0
nvbench2:dev:485,mistral-small:24b,leave_self_out,bar,14,0.0,0.0,0.0,0.0,0.0,0.7333333333333333,0.7333333333333333,1.0,1.0,5,5,0.0,0.0,0.0,1.0,0.0,0.0,4.497174916999995,0.0
nvbench2:dev:492,mistral-small:24b,leave_self_out,arc,10,1.0,0.0,1.0,0.0,1.0,0.7,0.9,1.0,1.0,5,5,0.0,0.0,0.0,1.0,0.0,0.0,3.418979375000049,0.0
nvbench2:dev:495,mistral-small:24b,leave_self_out,boxplot,7,1.0,1.0,1.0,0.0,1.0,1.0,1.0,1.0,1.0,5,5,0.0,0.0,0.0,0.0,0.0,1.0,2.702686667000023,-1.0
nvbench2:dev:498,mistral-small:24b,leave_self_out,arc,0,0.0,0.0,0.0,0.0,0.0,0.0,0.0,0.0,1.0,0,0,0.0,0.0,0.0,0.0,0.0,0.0,0.0,0.0
nvbench2:dev:499,mistral-small:24b,leave_self_out,line,6,1.0,0.0,1.0,1.0,1.0,1.0,1.0,1.0,1.0,5,5,0.0,0.0,1.0,0.0,0.0,1.0,2.467651083000021,1.0
nvbench2:dev:507,mistral-small:24b,leave_self_out,rect,9,0.0,0.0,0.0,0.0,0.0,0.5666666666666667,0.5666666666666667,1.0,1.0,5,5,0.0,0.0,0.0,0.0,0.0,1.0,4.063047208,0.0
nvbench2:dev:508,mistral-small:24b,leave_self_out,arc,4,1.0,1.0,1.0,1.0,1.0,1.0,1.0,1.0,1.0,4,4,0.0,0.0,1.0,0.0,0.0,0.0,2.459522958999969,0.0
nvbench2:dev:515,mistral-small:24b,leave_self_out,line,5,0.0,0.0,0.0,0.0,0.0,0.5,0.7333333333333333,1.0,1.0,5,5,0.0,0.0,1.0,0.0,0.0,0.0,2.560448540999971,0.0
nvbench2:dev:531,mistral-small:24b,leave_self_out,bar,9,0.0,0.0,0.0,0.0,0.0,0.9199999999999999,0.9199999999999999,1.0,1.0,5,5,0.0,0.0,0.0,0.0,0.0,1.0,3.362566541000035,0.0
nvbench2:dev:538,mistral-small:24b,leave_self_out,arc,5,1.0,1.0,1.0,1.0,1.0,1.0,1.0,1.0,1.0,5,5,0.0,0.0,1.0,0.0,0.0,1.0,2.1191716250000354,0.0
nvbench2:dev:540,mistral-small:24b,leave_self_out,bar,7,0.0,0.0,0.0,0.0,0.0,0.9199999999999999,0.9199999999999999,1.0,1.0,5,5,0.0,0.0,1.0,0.0,0.0,1.0,2.6596400839999887,0.0
nvbench2:dev:551,mistral-small:24b,leave_self_out,line,8,0.0,0.0,0.0,0.0,0.0,1.0,1.0,1.0,1.0,5,5,0.0,0.0,0.0,0.0,0.0,1.0,2.76092349999999,0.0
nvbench2:dev:554,mistral-small:24b,leave_self_out,point,13,1.0,0.0,1.0,0.0,1.0,0.8,1.0,1.0,1.0,5,5,0.0,0.0,0.0,0.0,0.0,1.0,3.7004151659999707,0.0
nvbench2:dev:562,mistral-small:24b,leave_self_out,bar,8,1.0,1.0,1.0,1.0,1.0,1.0,1.0,1.0,1.0,5,5,0.0,0.0,1.0,0.0,0.0,1.0,3.0666153749999694,0.0
nvbench2:dev:568,mistral-small:24b,leave_self_out,line,4,0.0,0.0,0.0,0.0,0.0,0.8666666666666666,0.8666666666666666,1.0,1.0,4,4,0.0,0.0,0.0,0.0,0.0,1.0,1.9725822500000163,0.0
nvbench2:dev:571,mistral-small:24b,leave_self_out,rect,4,0.0,0.0,0.0,0.0,0.0,0.5333333333333333,0.5333333333333333,1.0,1.0,4,4,0.0,0.0,0.0,1.0,0.0,0.0,2.7548775829999954,0.0
nvbench2:dev:572,mistral-small:24b,leave_self_out,bar,6,1.0,0.0,1.0,0.0,1.0,0.9333333333333332,0.9333333333333332,1.0,1.0,5,5,0.0,0.0,0.0,0.0,0.0,1.0,3.0091477080000004,0.0
nvbench2:dev:573,mistral-small:24b,leave_self_out,point,6,0.0,0.0,0.0,0.0,0.0,0.36,0.36,1.0,1.0,5,5,0.0,0.0,0.0,0.0,0.0,1.0,2.6737765419999846,0.0
nvbench2:dev:603,mistral-small:24b,leave_self_out,rect,7,0.0,0.0,0.0,0.0,0.0,0.8,0.36,1.0,1.0,5,5,0.0,0.0,0.0,0.0,0.0,1.0,2.877651750000041,0.0
nvbench2:dev:605,mistral-small:24b,leave_self_out,line,3,1.0,0.0,1.0,1.0,1.0,0.36,1.0,1.0,1.0,3,3,0.0,0.0,1.0,0.0,0.0,0.0,1.9144531250000227,1.0
nvbench2:dev:606,mistral-small:24b,leave_self_out,bar,6,0.0,0.0,0.0,0.0,0.0,0.9199999999999999,0.9199999999999999,1.0,1.0,5,5,0.0,0.0,0.0,0.0,0.0,1.0,2.752223584000035,0.0
nvbench2:dev:612,mistral-small:24b,leave_self_out,arc,3,1.0,1.0,1.0,1.0,1.0,1.0,1.0,1.0,1.0,3,3,0.0,0.0,1.0,0.0,0.0,0.0,2.214143041,0.0
nvbench2:dev:614,mistral-small:24b,leave_self_out,bar,10,0.0,0.0,0.0,0.0,0.0,0.7333333333333333,0.7333333333333333,1.0,1.0,5,5,0.0,0.0,1.0,0.0,0.0,0.0,3.780243915999961,0.0
nvbench2:dev:628,mistral-small:24b,leave_self_out,rect,5,0.0,0.0,0.0,0.0,0.0,0.4,0.4,1.0,1.0,5,5,0.0,0.0,1.0,0.0,0.0,0.0,4.151699707999967,0.0
nvbench2:dev:641,mistral-small:24b,leave_self_out,rect,1,0.0,0.0,0.0,0.0,0.0,0.9333333333333332,0.9333333333333332,1.0,1.0,1,1,0.0,0.0,1.0,0.0,0.0,0.0,1.0487423750000175,0.0
nvbench2:dev:642,mistral-small:24b,leave_self_out,line,5,0.0,0.0,0.0,0.0,0.0,0.6666666666666666,0.72,1.0,1.0,5,5,0.0,0.0,0.0,0.0,0.0,1.0,3.05555233299998,0.0
nvbench2:dev:644,mistral-small:24b,leave_self_out,bar+line,13,0.0,0.0,0.0,0.0,0.0,0.9333333333333332,1.0,1.0,1.0,5,5,0.0,0.0,0.0,0.0,0.0,1.0,4.738399540999978,0.0
nvbench2:dev:647,mistral-small:24b,leave_self_out,bar,9,0.0,0.0,0.0,0.0,0.0,0.6,0.6666666666666667,1.0,1.0,5,5,0.0,0.0,0.0,0.0,0.0,1.0,3.9715242080000053,0.0
nvbench2:dev:651,mistral-small:24b,leave_self_out,bar,11,0.0,0.0,0.0,0.0,0.0,0.9199999999999999,0.9199999999999999,1.0,1.0,5,5,0.0,0.0,1.0,0.0,0.0,0.0,4.054070041999978,0.0
nvbench2:dev:655,mistral-small:24b,leave_self_out,line,16,0.0,0.0,0.0,0.0,0.0,0.13333333333333333,0.3,1.0,1.0,5,5,0.0,0.0,0.0,1.0,0.0,0.0,6.394249708000018,0.0
nvbench2:dev:666,mistral-small:24b,leave_self_out,line,12,0.0,0.0,0.0,0.0,0.0,0.9333333333333332,0.9333333333333332,1.0,1.0,5,5,0.0,0.0,1.0,0.0,0.0,1.0,4.855265791000022,0.0
nvbench2:dev:672,mistral-small:24b,leave_self_out,bar,9,1.0,1.0,1.0,0.0,1.0,1.0,1.0,1.0,1.0,5,5,0.0,0.0,0.0,0.0,0.0,1.0,3.7015157499999987,-1.0
nvbench2:dev:675,mistral-small:24b,leave_self_out,bar,5,1.0,1.0,1.0,1.0,1.0,1.0,1.0,1.0,1.0,5,5,0.0,0.0,1.0,0.0,0.0,0.0,2.9382987080000476,0.0
nvbench2:dev:681,mistral-small:24b,leave_self_out,bar,12,0.0,0.0,0.0,0.0,0.0,0.9199999999999999,0.64,1.0,1.0,5,5,0.0,0.0,0.0,0.0,0.0,1.0,4.316190207999966,0.0
nvbench2:dev:683,mistral-small:24b,leave_self_out,bar,2,0.0,0.0,0.0,0.0,0.0,0.9199999999999999,0.9199999999999999,1.0,1.0,2,2,0.0,0.0,0.0,0.0,0.0,1.0,2.4197449170000027,0.0
nvbench2:dev:684,mistral-small:24b,leave_self_out,bar,0,0.0,0.0,0.0,0.0,0.0,0.0,0.0,0.0,1.0,0,0,0.0,0.0,0.0,0.0,0.0,0.0,0.0,0.0
nvbench2:dev:713,mistral-small:24b,leave_self_out,bar,8,1.0,1.0,1.0,1.0,1.0,1.0,1.0,1.0,1.0,5,5,0.0,0.0,1.0,0.0,0.0,1.0,3.605237208999995,0.0
nvbench2:dev:715,mistral-small:24b,leave_self_out,point,12,0.0,0.0,0.0,0.0,0.0,0.5333333333333333,0.5333333333333333,1.0,1.0,5,5,0.0,0.0,0.0,0.0,0.0,1.0,4.626566916999991,0.0
nvbench2:dev:716,mistral-small:24b,leave_self_out,boxplot,13,1.0,1.0,1.0,0.0,1.0,1.0,1.0,1.0,1.0,5,5,0.0,0.0,0.0,0.0,0.0,1.0,4.574583082999993,-1.0
nvbench2:dev:717,mistral-small:24b,leave_self_out,boxplot,3,0.0,0.0,0.0,0.0,0.0,0.44000000000000006,0.52,1.0,1.0,3,3,0.0,0.0,0.0,1.0,0.0,0.0,2.9645495830000073,0.0
nvbench2:dev:718,mistral-small:24b,leave_self_out,boxplot,8,0.0,0.0,0.0,0.0,0.0,0.8,0.8,1.0,1.0,5,5,0.0,0.0,0.0,0.0,0.0,1.0,3.8218547920000105,0.0
nvbench2:dev:719,mistral-small:24b,leave_self_out,arc,5,0.0,0.0,0.0,0.0,0.0,0.4,0.8333333333333333,1.0,1.0,5,5,0.0,0.0,0.0,0.0,0.0,1.0,3.810506750000002,0.0
nvbench2:dev:721,mistral-small:24b,leave_self_out,boxplot,8,1.0,0.0,1.0,1.0,1.0,0.6,1.0,1.0,1.0,5,5,0.0,0.0,1.0,0.0,0.0,0.0,4.149982958999999,1.0
nvbench2:dev:723,mistral-small:24b,leave_self_out,boxplot,4,0.0,0.0,0.0,0.0,0.0,0.7,0.7,1.0,1.0,4,4,0.0,0.0,0.0,1.0,0.0,0.0,2.706556040999999,0.0
nvbench2:dev:725,mistral-small:24b,leave_self_out,boxplot,7,0.0,0.0,0.0,0.0,0.0,0.4,0.4,1.0,1.0,5,5,0.0,0.0,1.0,0.0,0.0,1.0,3.531007582999962,0.0
nvbench2:dev:732,mistral-small:24b,leave_self_out,bar+line+rect,9,1.0,0.0,0.0,0.0,1.0,0.52,0.52,1.0,1.0,5,5,0.0,0.0,0.0,0.0,0.0,1.0,4.173342708000007,0.0
nvbench2:dev:733,mistral-small:24b,leave_self_out,bar+line+rect,18,0.0,0.0,0.0,0.0,0.0,0.9199999999999999,0.9199999999999999,1.0,1.0,5,5,0.0,0.0,0.0,0.0,0.0,1.0,5.804216458999974,0.0
nvbench2:dev:17,qwen3:14b,full,line,8,0.0,0.0,0.0,0.0,0.0,0.44000000000000006,0.3333333333333333,1.0,1.0,5,5,0.0,0.0,0.0,1.0,0.0,0.0,6.261169708000001,0.0
nvbench2:dev:22,qwen3:14b,full,boxplot,9,0.0,0.0,0.0,0.0,0.0,1.0,0.8,1.0,1.0,5,5,0.0,0.0,0.0,0.0,1.0,0.0,1.714789917000001,0.0
nvbench2:dev:23,qwen3:14b,full,point,13,0.0,0.0,0.0,0.0,0.0,0.44000000000000006,0.44000000000000006,1.0,1.0,5,5,1.0,0.0,0.0,0.0,1.0,1.0,2.145723125,0.0
nvbench2:dev:25,qwen3:14b,full,rect,27,0.0,0.0,0.0,0.0,0.0,0.44000000000000006,1.0,1.0,1.0,5,5,0.0,0.0,0.0,0.0,1.0,0.0,3.4718842499999987,0.0
nvbench2:dev:33,qwen3:14b,full,arc,7,0.0,0.0,0.0,0.0,0.0,0.8,1.0,1.0,1.0,5,5,0.0,0.0,0.0,0.0,1.0,0.0,1.552739707999999,0.0
nvbench2:dev:34,qwen3:14b,full,point,9,1.0,1.0,1.0,1.0,1.0,1.0,1.0,1.0,1.0,5,5,1.0,0.0,1.0,0.0,1.0,1.0,1.5332961670000014,0.0
nvbench2:dev:35,qwen3:14b,full,bar+line+point+rect,11,0.0,0.0,0.0,0.0,0.0,0.7333333333333333,0.8,1.0,1.0,5,5,1.0,1.0,0.0,0.0,0.0,1.0,1.8480547089999995,0.0
nvbench2:dev:39,qwen3:14b,full,arc,4,0.0,0.0,0.0,0.0,0.0,0.64,0.8,1.0,1.0,4,4,0.0,0.0,1.0,0.0,0.0,0.0,1.536570417,0.0
nvbench2:dev:40,qwen3:14b,full,rect,23,0.0,0.0,0.0,0.0,0.0,0.7333333333333333,0.8666666666666666,1.0,1.0,5,5,0.0,0.0,0.0,0.0,1.0,0.0,3.4025394589999998,0.0
nvbench2:dev:41,qwen3:14b,full,arc,9,1.0,1.0,1.0,0.0,1.0,1.0,1.0,1.0,1.0,5,5,0.0,0.0,0.0,0.0,1.0,0.0,1.9460881250000028,-1.0
nvbench2:dev:48,qwen3:14b,full,arc,13,1.0,1.0,1.0,0.0,1.0,1.0,1.0,1.0,1.0,5,5,0.0,0.0,0.0,0.0,1.0,0.0,1.9660832910000003,-1.0
nvbench2:dev:49,qwen3:14b,full,line,19,0.0,0.0,0.0,0.0,0.0,0.9,0.9,1.0,1.0,5,5,1.0,0.0,1.0,0.0,1.0,1.0,2.9541807920000025,0.0
nvbench2:dev:51,qwen3:14b,full,bar,11,0.0,0.0,0.0,0.0,0.0,0.9199999999999999,0.8533333333333333,1.0,1.0,5,5,1.0,1.0,0.0,0.0,0.0,1.0,2.241899042,0.0
nvbench2:dev:54,qwen3:14b,full,bar,9,0.0,0.0,0.0,0.0,0.0,0.9199999999999999,0.9199999999999999,1.0,1.0,5,5,0.0,0.0,1.0,0.0,0.0,0.0,1.725234125,0.0
nvbench2:dev:57,qwen3:14b,full,rect,21,0.0,0.0,0.0,0.0,0.0,0.9333333333333332,1.0,1.0,1.0,5,5,1.0,1.0,0.0,0.0,0.0,1.0,3.2429374999999965,0.0
nvbench2:dev:61,qwen3:14b,full,arc,6,1.0,0.0,1.0,1.0,1.0,1.0,1.0,1.0,1.0,5,5,0.0,0.0,1.0,0.0,1.0,0.0,1.6650953329999965,1.0
nvbench2:dev:63,qwen3:14b,full,arc,7,0.0,0.0,0.0,0.0,0.0,1.0,1.0,1.0,1.0,5,5,0.0,0.0,0.0,0.0,1.0,0.0,1.7329498750000027,0.0
nvbench2:dev:68,qwen3:14b,full,arc,9,0.0,0.0,0.0,0.0,0.0,1.0,1.0,1.0,1.0,5,5,0.0,0.0,0.0,0.0,1.0,0.0,2.058525875000001,0.0
nvbench2:dev:72,qwen3:14b,full,arc,2,0.0,0.0,0.0,0.0,0.0,1.0,1.0,1.0,1.0,2,2,0.0,0.0,0.0,0.0,1.0,0.0,1.4748882499999993,0.0
nvbench2:dev:73,qwen3:14b,full,arc,1,0.0,0.0,0.0,0.0,0.0,0.8,0.8,1.0,1.0,1,1,0.0,0.0,0.0,1.0,0.0,0.0,1.2326588749999985,0.0
nvbench2:dev:76,qwen3:14b,full,bar,16,1.0,0.0,0.0,0.0,1.0,0.36,0.64,1.0,1.0,5,5,1.0,1.0,0.0,0.0,0.0,1.0,2.8633365840000025,0.0
nvbench2:dev:83,qwen3:14b,full,arc,4,1.0,0.0,1.0,0.0,1.0,1.0,1.0,1.0,1.0,4,4,0.0,0.0,0.0,0.0,1.0,0.0,1.5841569999999976,0.0
nvbench2:dev:84,qwen3:14b,full,rect,22,0.0,0.0,0.0,0.0,0.0,0.36,0.8666666666666668,1.0,1.0,5,5,1.0,1.0,0.0,0.0,0.0,1.0,3.722798042000001,0.0
nvbench2:dev:89,qwen3:14b,full,arc,9,1.0,0.0,1.0,0.0,1.0,0.2,0.2,1.0,1.0,5,5,1.0,0.0,0.0,0.0,1.0,1.0,1.9740850419999987,0.0
nvbench2:dev:92,qwen3:14b,full,arc,7,0.0,0.0,0.0,0.0,0.0,0.8,0.8,1.0,1.0,5,5,0.0,0.0,0.0,0.0,1.0,0.0,1.8782406660000035,0.0
nvbench2:dev:97,qwen3:14b,full,line,1,0.0,0.0,0.0,0.0,0.0,0.08,0.08,1.0,1.0,1,1,0.0,0.0,0.0,1.0,0.0,0.0,0.8458858750000005,0.0
nvbench2:dev:103,qwen3:14b,full,boxplot,14,1.0,1.0,1.0,0.0,1.0,1.0,0.8,1.0,1.0,5,5,1.0,1.0,0.0,0.0,0.0,1.0,2.2948608749999977,-1.0
nvbench2:dev:105,qwen3:14b,full,arc,11,1.0,0.0,1.0,0.0,1.0,1.0,1.0,1.0,1.0,5,5,0.0,0.0,0.0,0.0,1.0,0.0,2.2236181659999943,0.0
nvbench2:dev:108,qwen3:14b,full,boxplot,8,0.0,0.0,0.0,0.0,0.0,0.5,1.0,1.0,1.0,5,5,0.0,0.0,0.0,0.0,1.0,0.0,1.6636121669999966,0.0
nvbench2:dev:112,qwen3:14b,full,boxplot,1,0.0,0.0,0.0,0.0,0.0,0.8,0.8,1.0,1.0,1,1,1.0,1.0,0.0,0.0,0.0,1.0,0.979789750000009,0.0
nvbench2:dev:114,qwen3:14b,full,line,18,0.0,0.0,0.0,0.0,0.0,0.16,0.44000000000000006,1.0,1.0,5,5,1.0,1.0,0.0,0.0,0.0,1.0,3.3632465829999916,0.0
nvbench2:dev:116,qwen3:14b,full,arc,7,1.0,1.0,1.0,1.0,1.0,1.0,1.0,1.0,1.0,5,5,0.0,0.0,1.0,0.0,1.0,0.0,1.8176891669999975,0.0
nvbench2:dev:118,qwen3:14b,full,rect,10,0.0,0.0,0.0,0.0,0.0,0.9333333333333332,0.8666666666666668,1.0,1.0,5,5,0.0,0.0,0.0,0.0,1.0,0.0,2.0205458750000105,0.0
nvbench2:dev:127,qwen3:14b,full,arc,6,1.0,0.0,1.0,0.0,1.0,1.0,1.0,1.0,1.0,5,5,0.0,0.0,0.0,0.0,1.0,0.0,1.8858595829999985,0.0
nvbench2:dev:136,qwen3:14b,full,boxplot,11,1.0,0.0,1.0,0.0,1.0,1.0,1.0,1.0,1.0,5,5,1.0,1.0,0.0,0.0,0.0,1.0,1.7931035419999972,0.0
nvbench2:dev:138,qwen3:14b,full,bar,8,0.0,0.0,0.0,0.0,0.0,0.8,0.8,1.0,1.0,5,5,1.0,1.0,0.0,0.0,0.0,1.0,1.5943276670000017,0.0
nvbench2:dev:139,qwen3:14b,full,line,8,0.0,0.0,0.0,0.0,0.0,0.7,0.7,1.0,1.0,5,5,0.0,0.0,0.0,0.0,1.0,0.0,1.5291514170000085,0.0
nvbench2:dev:143,qwen3:14b,full,rect,14,1.0,0.0,1.0,0.0,0.0,0.6666666666666667,0.8666666666666666,1.0,1.0,5,5,1.0,1.0,0.0,0.0,0.0,1.0,2.383562666000003,0.0
nvbench2:dev:144,qwen3:14b,full,bar,5,0.0,0.0,0.0,0.0,0.0,0.9199999999999999,0.9199999999999999,1.0,1.0,5,5,1.0,0.0,0.0,0.0,1.0,1.0,1.366773416000001,0.0
nvbench2:dev:149,qwen3:14b,full,point,25,0.0,0.0,0.0,0.0,0.0,1.0,0.76,1.0,1.0,5,5,0.0,0.0,1.0,0.0,0.0,0.0,3.3602949579999972,0.0
nvbench2:dev:157,qwen3:14b,full,point,26,0.0,0.0,0.0,0.0,0.0,0.36,0.36,1.0,1.0,5,5,0.0,0.0,0.0,0.0,1.0,0.0,3.101979416000006,0.0
nvbench2:dev:158,qwen3:14b,full,point,13,0.0,0.0,0.0,0.0,0.0,0.52,0.44000000000000006,1.0,1.0,5,5,1.0,1.0,0.0,0.0,0.0,1.0,2.3829742499999895,0.0
nvbench2:dev:165,qwen3:14b,full,line,11,0.0,0.0,0.0,0.0,0.0,0.7333333333333333,0.8,1.0,1.0,5,5,1.0,1.0,0.0,0.0,0.0,1.0,2.3774409170000013,0.0
nvbench2:dev:167,qwen3:14b,full,bar,5,0.0,0.0,0.0,0.0,0.0,0.9333333333333332,0.9333333333333332,1.0,1.0,5,5,1.0,1.0,0.0,0.0,0.0,1.0,1.427953291999998,0.0
nvbench2:dev:176,qwen3:14b,full,line,14,1.0,1.0,1.0,0.0,1.0,1.0,0.64,1.0,1.0,5,5,0.0,0.0,0.0,1.0,0.0,0.0,2.1413700419999913,-1.0
nvbench2:dev:182,qwen3:14b,full,rect,11,0.0,0.0,0.0,0.0,0.0,0.16,0.6,1.0,1.0,5,5,0.0,0.0,0.0,0.0,1.0,0.0,2.105665041000009,0.0
nvbench2:dev:188,qwen3:14b,full,rect,17,1.0,1.0,1.0,1.0,1.0,1.0,1.0,1.0,1.0,5,5,1.0,0.0,1.0,0.0,0.0,1.0,2.7779195420000065,0.0
nvbench2:dev:191,qwen3:14b,full,rect,10,0.0,0.0,0.0,0.0,0.0,1.0,0.6666666666666667,1.0,1.0,5,5,0.0,0.0,0.0,0.0,1.0,0.0,1.8093595419999957,0.0
nvbench2:dev:203,qwen3:14b,full,bar+line,25,0.0,0.0,0.0,0.0,0.0,0.64,0.72,1.0,1.0,5,5,1.0,1.0,0.0,0.0,0.0,1.0,3.4637223750000032,0.0
nvbench2:dev:214,qwen3:14b,full,rect,19,1.0,1.0,1.0,0.0,0.0,1.0,0.7333333333333333,1.0,1.0,5,5,1.0,1.0,0.0,0.0,0.0,1.0,2.962288166999997,-1.0
nvbench2:dev:223,qwen3:14b,full,boxplot,9,0.0,0.0,0.0,0.0,0.0,1.0,1.0,1.0,1.0,5,5,1.0,1.0,0.0,0.0,0.0,1.0,1.9230207920000026,0.0
nvbench2:dev:228,qwen3:14b,full,rect,9,0.0,0.0,0.0,0.0,0.0,0.8,0.44000000000000006,1.0,1.0,5,5,1.0,1.0,0.0,0.0,0.0,1.0,2.2543691249999966,0.0
nvbench2:dev:232,qwen3:14b,full,arc,8,1.0,0.0,1.0,0.0,1.0,1.0,0.9,1.0,1.0,5,5,0.0,0.0,0.0,0.0,1.0,0.0,1.7638907920000122,0.0
nvbench2:dev:245,qwen3:14b,full,line,18,0.0,0.0,0.0,0.0,0.0,0.5866666666666667,0.8,1.0,1.0,5,5,0.0,0.0,0.0,0.0,1.0,0.0,3.4817095410000007,0.0
nvbench2:dev:252,qwen3:14b,full,rect,5,0.0,0.0,0.0,0.0,0.0,0.4,0.16,1.0,1.0,5,5,0.0,0.0,0.0,0.0,1.0,0.0,1.5554690829999913,0.0
nvbench2:dev:253,qwen3:14b,full,arc+bar+line,7,1.0,0.0,0.0,0.0,1.0,0.9,0.9,1.0,1.0,5,5,1.0,0.0,0.0,0.0,1.0,1.0,1.4275033330000042,0.0
nvbench2:dev:255,qwen3:14b,full,bar,4,0.0,0.0,0.0,0.0,0.0,0.7333333333333333,0.8,1.0,1.0,4,4,1.0,1.0,0.0,0.0,0.0,1.0,1.4818831669999923,0.0
nvbench2:dev:256,qwen3:14b,full,rect,21,0.0,0.0,0.0,0.0,0.0,0.8,0.8333333333333333,1.0,1.0,5,5,0.0,0.0,1.0,0.0,0.0,0.0,5.123976333000002,0.0
nvbench2:dev:259,qwen3:14b,full,point,17,0.0,0.0,0.0,0.0,0.0,0.8400000000000001,0.8400000000000001,1.0,1.0,5,5,1.0,0.0,1.0,0.0,1.0,1.0,2.7784292500000163,0.0
nvbench2:dev:278,qwen3:14b,full,arc,8,1.0,1.0,1.0,0.0,1.0,1.0,1.0,1.0,1.0,5,5,0.0,0.0,0.0,0.0,1.0,0.0,1.7561564169999997,-1.0
nvbench2:dev:283,qwen3:14b,full,rect,15,0.0,0.0,0.0,0.0,0.0,0.26666666666666666,0.2,1.0,1.0,5,5,1.0,1.0,0.0,0.0,0.0,1.0,3.5136946249999994,0.0
nvbench2:dev:286,qwen3:14b,full,bar,5,0.0,0.0,0.0,0.0,0.0,0.9199999999999999,0.9199999999999999,1.0,1.0,5,5,0.0,0.0,1.0,0.0,0.0,0.0,1.9950647500000116,0.0
nvbench2:dev:292,qwen3:14b,full,rect,7,0.0,0.0,0.0,0.0,0.0,0.7333333333333333,0.7333333333333333,1.0,1.0,5,5,1.0,1.0,0.0,0.0,0.0,1.0,2.725946125000007,0.0
nvbench2:dev:296,qwen3:14b,full,bar,13,0.0,0.0,0.0,0.0,0.0,0.44000000000000006,0.9199999999999999,1.0,1.0,5,5,0.0,0.0,0.0,0.0,1.0,0.0,2.784203582999993,0.0
nvbench2:dev:298,qwen3:14b,full,bar,3,0.0,0.0,0.0,0.0,0.0,0.9199999999999999,0.9199999999999999,1.0,1.0,3,3,0.0,0.0,0.0,0.0,1.0,0.0,1.852149708000013,0.0
nvbench2:dev:300,qwen3:14b,full,arc,10,1.0,0.0,0.0,0.0,1.0,1.0,1.0,1.0,1.0,5,5,0.0,0.0,0.0,0.0,1.0,0.0,2.5717940419999934,0.0
nvbench2:dev:302,qwen3:14b,full,rect,17,0.0,0.0,0.0,0.0,0.0,0.7333333333333333,0.8666666666666668,1.0,1.0,5,5,1.0,1.0,0.0,0.0,0.0,1.0,3.1902547079999977,0.0
nvbench2:dev:307,qwen3:14b,full,rect,3,0.0,0.0,0.0,0.0,0.0,0.6666666666666666,0.6666666666666666,1.0,1.0,3,3,0.0,0.0,0.0,0.0,1.0,0.0,1.5470014579999827,0.0
nvbench2:dev:314,qwen3:14b,full,arc,2,0.0,0.0,0.0,0.0,0.0,1.0,1.0,1.0,1.0,2,2,0.0,0.0,0.0,0.0,1.0,0.0,1.253046999999981,0.0
nvbench2:dev:315,qwen3:14b,full,bar,14,1.0,1.0,1.0,0.0,1.0,1.0,0.9199999999999999,1.0,1.0,5,5,0.0,0.0,0.0,0.0,1.0,0.0,2.691654333999992,-1.0
nvbench2:dev:317,qwen3:14b,full,rect,9,0.0,0.0,0.0,0.0,0.0,0.7333333333333333,0.7333333333333333,1.0,1.0,5,5,1.0,1.0,0.0,0.0,0.0,1.0,2.2178118340000026,0.0
nvbench2:dev:319,qwen3:14b,full,boxplot,17,1.0,1.0,1.0,0.0,1.0,1.0,1.0,1.0,1.0,5,5,1.0,1.0,0.0,0.0,0.0,1.0,3.0862319170000205,-1.0
nvbench2:dev:326,qwen3:14b,full,rect,9,0.0,0.0,0.0,0.0,0.0,0.44000000000000006,0.44000000000000006,1.0,1.0,5,5,0.0,0.0,0.0,0.0,1.0,0.0,1.947968125000017,0.0
nvbench2:dev:327,qwen3:14b,full,boxplot,10,0.0,0.0,0.0,0.0,0.0,0.4,0.4,1.0,1.0,5,5,1.0,0.0,0.0,0.0,1.0,1.0,1.9507279579999874,0.0
nvbench2:dev:331,qwen3:14b,full,bar,13,0.0,0.0,0.0,0.0,0.0,1.0,1.0,1.0,1.0,5,5,0.0,0.0,0.0,0.0,1.0,0.0,2.5865932080000107,0.0
nvbench2:dev:332,qwen3:14b,full,arc,8,0.0,0.0,0.0,0.0,0.0,0.2,0.2,1.0,1.0,5,5,1.0,0.0,0.0,0.0,1.0,1.0,1.7916648329999987,0.0
nvbench2:dev:336,qwen3:14b,full,arc,4,1.0,0.0,1.0,0.0,1.0,0.8,0.8,1.0,1.0,4,4,0.0,0.0,0.0,0.0,1.0,0.0,1.6567965000000129,0.0
nvbench2:dev:338,qwen3:14b,full,rect,14,0.0,0.0,0.0,0.0,0.0,0.7333333333333333,0.6666666666666667,1.0,1.0,5,5,0.0,0.0,0.0,0.0,1.0,0.0,2.6222949579999977,0.0
nvbench2:dev:340,qwen3:14b,full,rect,13,0.0,0.0,0.0,0.0,0.0,0.44000000000000006,0.44000000000000006,1.0,1.0,5,5,0.0,0.0,1.0,0.0,0.0,0.0,2.422915457999977,0.0
nvbench2:dev:346,qwen3:14b,full,bar+line+rect,12,0.0,0.0,0.0,0.0,0.0,0.4666666666666667,0.72,1.0,1.0,5,5,0.0,0.0,1.0,0.0,0.0,0.0,2.740052625000004,0.0
nvbench2:dev:358,qwen3:14b,full,bar,14,1.0,0.0,0.0,0.0,1.0,0.9199999999999999,0.9333333333333332,1.0,1.0,5,5,0.0,0.0,0.0,0.0,1.0,0.0,2.6028673329999776,0.0
nvbench2:dev:362,qwen3:14b,full,rect,8,0.0,0.0,0.0,0.0,0.0,0.6,0.6,1.0,1.0,5,5,1.0,1.0,0.0,0.0,0.0,1.0,2.178011708000014,0.0
nvbench2:dev:367,qwen3:14b,full,bar,11,0.0,0.0,0.0,0.0,0.0,0.9199999999999999,0.64,1.0,1.0,5,5,1.0,1.0,0.0,0.0,0.0,1.0,2.1206126659999995,0.0
nvbench2:dev:381,qwen3:14b,full,rect,16,1.0,0.0,1.0,0.0,0.0,0.9333333333333332,1.0,1.0,1.0,5,5,1.0,1.0,0.0,0.0,0.0,1.0,2.9295391250000193,0.0
nvbench2:dev:383,qwen3:14b,full,rect,17,1.0,0.0,1.0,0.0,1.0,1.0,0.9,1.0,1.0,5,5,1.0,1.0,0.0,0.0,0.0,1.0,2.719195124999999,0.0
nvbench2:dev:384,qwen3:14b,full,bar,14,0.0,0.0,0.0,0.0,0.0,0.6799999999999999,0.7,1.0,1.0,5,5,0.0,0.0,1.0,0.0,0.0,0.0,3.0215293329999895,0.0
nvbench2:dev:388,qwen3:14b,full,rect,8,0.0,0.0,0.0,0.0,0.0,0.6666666666666667,0.6666666666666667,1.0,1.0,5,5,1.0,1.0,0.0,0.0,0.0,1.0,2.5134664999999927,0.0
nvbench2:dev:394,qwen3:14b,full,arc,3,0.0,0.0,0.0,0.0,0.0,0.9,0.9,1.0,1.0,3,3,0.0,0.0,1.0,0.0,0.0,0.0,1.129551666999987,0.0
nvbench2:dev:398,qwen3:14b,full,line,6,1.0,1.0,1.0,0.0,1.0,1.0,0.9333333333333332,1.0,1.0,5,5,0.0,0.0,0.0,0.0,1.0,0.0,1.5847891669999967,-1.0
nvbench2:dev:403,qwen3:14b,full,point,10,0.0,0.0,0.0,0.0,0.0,0.4,0.8,1.0,1.0,5,5,0.0,0.0,1.0,0.0,0.0,0.0,2.2406115839999927,0.0
nvbench2:dev:405,qwen3:14b,full,bar,11,1.0,1.0,1.0,1.0,1.0,1.0,1.0,1.0,1.0,5,5,1.0,0.0,1.0,0.0,1.0,1.0,2.034368083000004,0.0
nvbench2:dev:421,qwen3:14b,full,arc,8,0.0,0.0,0.0,0.0,0.0,0.8,0.7,1.0,1.0,5,5,0.0,0.0,0.0,0.0,1.0,0.0,2.263592999999986,0.0
nvbench2:dev:422,qwen3:14b,full,arc,1,0.0,0.0,0.0,0.0,0.0,0.8,0.8,1.0,1.0,1,1,0.0,0.0,1.0,0.0,0.0,0.0,1.437638832999994,0.0
nvbench2:dev:436,qwen3:14b,full,point,13,0.0,0.0,0.0,0.0,0.0,0.6,0.4,1.0,1.0,5,5,1.0,1.0,0.0,0.0,0.0,1.0,2.755864166000009,0.0
nvbench2:dev:444,qwen3:14b,full,point,7,0.0,0.0,0.0,0.0,0.0,0.06666666666666667,0.3333333333333333,1.0,1.0,5,5,1.0,1.0,0.0,0.0,0.0,1.0,2.2046970419999923,0.0
nvbench2:dev:445,qwen3:14b,full,boxplot,2,0.0,0.0,0.0,0.0,0.0,0.2,0.8,1.0,1.0,2,2,0.0,0.0,1.0,0.0,0.0,0.0,1.519360832999979,0.0
nvbench2:dev:455,qwen3:14b,full,bar,13,0.0,0.0,0.0,0.0,0.0,0.9199999999999999,0.9199999999999999,1.0,1.0,5,5,1.0,0.0,0.0,0.0,1.0,1.0,2.494981249999995,0.0
nvbench2:dev:457,qwen3:14b,full,arc,4,1.0,1.0,1.0,1.0,1.0,1.0,1.0,1.0,1.0,4,4,0.0,0.0,1.0,0.0,1.0,0.0,1.4868950409999968,0.0
nvbench2:dev:462,qwen3:14b,full,bar,8,0.0,0.0,0.0,0.0,0.0,0.8,0.8,1.0,1.0,5,5,1.0,1.0,0.0,0.0,0.0,1.0,1.892982083000021,0.0
nvbench2:dev:463,qwen3:14b,full,bar+line+point,13,0.0,0.0,0.0,0.0,0.0,0.6533333333333333,0.52,1.0,1.0,5,5,1.0,1.0,0.0,0.0,0.0,1.0,3.655433125000002,0.0
nvbench2:dev:465,qwen3:14b,full,arc,4,1.0,0.0,1.0,0.0,1.0,1.0,1.0,1.0,1.0,4,4,0.0,0.0,0.0,0.0,1.0,0.0,1.9853264999999851,0.0
nvbench2:dev:470,qwen3:14b,full,boxplot,8,0.0,0.0,0.0,0.0,0.0,0.8,0.8,1.0,1.0,5,5,0.0,0.0,1.0,0.0,0.0,0.0,2.6853637090000007,0.0
nvbench2:dev:475,qwen3:14b,full,bar+line,24,0.0,0.0,0.0,0.0,0.0,0.5599999999999999,0.5599999999999999,1.0,1.0,5,5,1.0,1.0,0.0,0.0,0.0,1.0,4.527443124999991,0.0
nvbench2:dev:485,qwen3:14b,full,bar,14,0.0,0.0,0.0,0.0,0.0,0.7333333333333333,0.7333333333333333,1.0,1.0,5,5,1.0,1.0,0.0,0.0,0.0,1.0,2.7571277920000057,0.0
nvbench2:dev:492,qwen3:14b,full,arc,14,1.0,0.0,1.0,0.0,1.0,1.0,0.7,1.0,1.0,5,5,0.0,0.0,0.0,0.0,1.0,0.0,2.587423000000001,0.0
nvbench2:dev:495,qwen3:14b,full,boxplot,11,1.0,1.0,1.0,1.0,1.0,1.0,1.0,1.0,1.0,5,5,0.0,0.0,1.0,0.0,0.0,0.0,2.2775515000000155,0.0
nvbench2:dev:498,qwen3:14b,full,arc,3,0.0,0.0,0.0,0.0,0.0,0.8,0.8,1.0,1.0,3,3,0.0,0.0,0.0,0.0,1.0,0.0,1.2394060409999952,0.0
nvbench2:dev:499,qwen3:14b,full,line,7,1.0,0.0,1.0,1.0,1.0,1.0,1.0,1.0,1.0,5,5,1.0,0.0,1.0,0.0,0.0,1.0,1.8177448749999883,1.0
nvbench2:dev:507,qwen3:14b,full,rect,13,0.0,0.0,0.0,0.0,0.0,0.5666666666666667,0.8,1.0,1.0,5,5,0.0,0.0,0.0,0.0,1.0,0.0,3.0596122089999938,0.0
nvbench2:dev:508,qwen3:14b,full,arc,6,1.0,0.0,1.0,1.0,1.0,1.0,1.0,1.0,1.0,5,5,0.0,0.0,1.0,0.0,0.0,0.0,1.7988269170000137,1.0
nvbench2:dev:515,qwen3:14b,full,line,6,0.0,0.0,0.0,0.0,0.0,0.5,1.0,1.0,1.0,5,5,0.0,0.0,0.0,0.0,1.0,0.0,1.7496186250000108,0.0
nvbench2:dev:531,qwen3:14b,full,bar,10,0.0,0.0,0.0,0.0,0.0,0.9199999999999999,0.9199999999999999,1.0,1.0,5,5,1.0,0.0,0.0,0.0,1.0,1.0,2.195798833000026,0.0
nvbench2:dev:538,qwen3:14b,full,arc,7,1.0,0.0,1.0,0.0,1.0,1.0,1.0,1.0,1.0,5,5,0.0,0.0,0.0,0.0,1.0,0.0,1.5018109590000108,0.0
nvbench2:dev:540,qwen3:14b,full,bar,8,0.0,0.0,0.0,0.0,0.0,0.9199999999999999,0.9199999999999999,1.0,1.0,5,5,1.0,0.0,1.0,0.0,1.0,1.0,1.9029844170000274,0.0
nvbench2:dev:551,qwen3:14b,full,line,9,1.0,0.0,1.0,0.0,1.0,1.0,1.0,1.0,1.0,5,5,1.0,1.0,0.0,0.0,0.0,1.0,1.8225075409999931,0.0
nvbench2:dev:554,qwen3:14b,full,point,14,1.0,0.0,1.0,1.0,1.0,0.8,1.0,1.0,1.0,5,5,0.0,0.0,1.0,0.0,1.0,0.0,2.470208583999977,1.0
nvbench2:dev:562,qwen3:14b,full,bar,12,1.0,0.0,1.0,0.0,1.0,1.0,1.0,1.0,1.0,5,5,1.0,0.0,0.0,0.0,1.0,1.0,2.2539388330000065,0.0
nvbench2:dev:568,qwen3:14b,full,line,6,0.0,0.0,0.0,0.0,0.0,1.0,1.0,1.0,1.0,5,5,0.0,0.0,0.0,0.0,1.0,0.0,1.511269249999998,0.0
nvbench2:dev:571,qwen3:14b,full,rect,4,0.0,0.0,0.0,0.0,0.0,0.5333333333333333,0.5333333333333333,1.0,1.0,4,4,0.0,0.0,0.0,1.0,0.0,0.0,1.840418833000001,0.0
nvbench2:dev:572,qwen3:14b,full,bar,8,1.0,0.0,1.0,0.0,1.0,0.9333333333333332,0.9333333333333332,1.0,1.0,5,5,1.0,1.0,0.0,0.0,0.0,1.0,2.166185165999991,0.0
nvbench2:dev:573,qwen3:14b,full,point,10,0.0,0.0,0.0,0.0,0.0,0.36,0.36,1.0,1.0,5,5,0.0,0.0,0.0,0.0,1.0,0.0,2.039965708000011,0.0
nvbench2:dev:603,qwen3:14b,full,rect,8,0.0,0.0,0.0,0.0,0.0,0.8,0.8,1.0,1.0,5,5,0.0,0.0,0.0,0.0,1.0,0.0,1.8881270420000078,0.0
nvbench2:dev:605,qwen3:14b,full,line,5,1.0,0.0,1.0,1.0,1.0,0.9333333333333332,1.0,1.0,1.0,5,5,0.0,0.0,1.0,0.0,0.0,0.0,1.5379540829999883,1.0
nvbench2:dev:606,qwen3:14b,full,bar,7,0.0,0.0,0.0,0.0,0.0,0.9199999999999999,0.9199999999999999,1.0,1.0,5,5,1.0,0.0,0.0,0.0,1.0,1.0,1.894985833000021,0.0
nvbench2:dev:612,qwen3:14b,full,arc,5,1.0,1.0,1.0,0.0,1.0,1.0,1.0,1.0,1.0,5,5,0.0,0.0,0.0,0.0,1.0,0.0,1.8003815410000357,-1.0
nvbench2:dev:614,qwen3:14b,full,bar,15,0.0,0.0,0.0,0.0,0.0,0.7333333333333333,1.0,1.0,1.0,5,5,0.0,0.0,0.0,0.0,1.0,0.0,2.861482125000009,0.0
nvbench2:dev:628,qwen3:14b,full,rect,6,0.0,0.0,0.0,0.0,0.0,0.4,0.4666666666666667,1.0,1.0,5,5,0.0,0.0,0.0,0.0,1.0,0.0,2.642563375000009,0.0
nvbench2:dev:641,qwen3:14b,full,rect,5,0.0,0.0,0.0,0.0,0.0,0.9333333333333332,1.0,1.0,1.0,5,5,0.0,0.0,0.0,0.0,1.0,0.0,1.4445351670000264,0.0
nvbench2:dev:642,qwen3:14b,full,line,5,0.0,0.0,0.0,0.0,0.0,0.6666666666666666,0.72,1.0,1.0,5,5,1.0,1.0,0.0,0.0,0.0,1.0,1.7453354590000458,0.0
nvbench2:dev:644,qwen3:14b,full,bar+line,18,0.0,0.0,0.0,0.0,0.0,0.9333333333333332,0.7333333333333333,1.0,1.0,5,5,0.0,0.0,0.0,0.0,1.0,0.0,3.592775374999974,0.0
nvbench2:dev:647,qwen3:14b,full,bar,13,1.0,0.0,1.0,0.0,1.0,0.9199999999999999,1.0,1.0,1.0,5,5,0.0,0.0,0.0,0.0,1.0,0.0,2.7729001659999994,0.0
nvbench2:dev:651,qwen3:14b,full,bar,16,0.0,0.0,0.0,0.0,0.0,0.9199999999999999,0.9199999999999999,1.0,1.0,5,5,1.0,0.0,0.0,0.0,1.0,1.0,2.8237090409999723,0.0
nvbench2:dev:655,qwen3:14b,full,line,19,0.0,0.0,0.0,0.0,0.0,0.13333333333333333,0.3,1.0,1.0,5,5,0.0,0.0,0.0,0.0,1.0,0.0,3.9386200829999893,0.0
nvbench2:dev:666,qwen3:14b,full,line,15,0.0,0.0,0.0,0.0,0.0,0.9333333333333332,1.0,1.0,1.0,5,5,1.0,1.0,0.0,0.0,0.0,1.0,2.5077122499999973,0.0
nvbench2:dev:672,qwen3:14b,full,bar,12,1.0,0.0,1.0,0.0,1.0,1.0,1.0,1.0,1.0,5,5,1.0,0.0,0.0,0.0,1.0,1.0,2.1752297499999713,0.0
nvbench2:dev:675,qwen3:14b,full,bar,10,1.0,0.0,1.0,0.0,0.0,1.0,1.0,1.0,1.0,5,5,0.0,0.0,0.0,0.0,1.0,0.0,1.9594095410000136,0.0
nvbench2:dev:681,qwen3:14b,full,bar,13,0.0,0.0,0.0,0.0,0.0,0.64,0.9199999999999999,1.0,1.0,5,5,0.0,0.0,1.0,0.0,0.0,0.0,2.4906602919999727,0.0
nvbench2:dev:683,qwen3:14b,full,bar,3,0.0,0.0,0.0,0.0,0.0,0.9199999999999999,0.9199999999999999,1.0,1.0,3,3,1.0,1.0,0.0,0.0,0.0,1.0,1.6709240419999674,0.0
nvbench2:dev:684,qwen3:14b,full,bar,0,0.0,0.0,0.0,0.0,0.0,0.0,0.0,0.0,1.0,0,0,0.0,0.0,0.0,0.0,0.0,0.0,0.0,0.0
nvbench2:dev:713,qwen3:14b,full,bar,8,1.0,1.0,1.0,1.0,1.0,1.0,1.0,1.0,1.0,5,5,1.0,0.0,1.0,0.0,0.0,1.0,2.0972047920000136,0.0
nvbench2:dev:715,qwen3:14b,full,point,13,0.0,0.0,0.0,0.0,0.0,0.5333333333333333,0.5333333333333333,1.0,1.0,5,5,1.0,0.0,1.0,0.0,0.0,1.0,2.690932000000032,0.0
nvbench2:dev:716,qwen3:14b,full,boxplot,16,1.0,1.0,1.0,1.0,1.0,1.0,1.0,1.0,1.0,5,5,0.0,0.0,1.0,0.0,0.0,0.0,2.591347125000027,0.0
nvbench2:dev:717,qwen3:14b,full,boxplot,3,0.0,0.0,0.0,0.0,0.0,0.44000000000000006,0.44000000000000006,1.0,1.0,3,3,0.0,0.0,0.0,1.0,0.0,0.0,1.5736757500000067,0.0
nvbench2:dev:718,qwen3:14b,full,boxplot,12,0.0,0.0,0.0,0.0,0.0,0.8,0.8,1.0,1.0,5,5,1.0,1.0,0.0,0.0,0.0,1.0,2.5173520000000167,0.0
nvbench2:dev:719,qwen3:14b,full,arc,6,0.0,0.0,0.0,0.0,0.0,0.4,0.8333333333333333,1.0,1.0,5,5,1.0,1.0,0.0,0.0,0.0,1.0,2.179330082999968,0.0
nvbench2:dev:721,qwen3:14b,full,boxplot,8,1.0,0.0,1.0,1.0,1.0,0.6,1.0,1.0,1.0,5,5,0.0,0.0,1.0,0.0,0.0,0.0,2.1357599160000404,1.0
nvbench2:dev:723,qwen3:14b,full,boxplot,4,0.0,0.0,0.0,0.0,0.0,0.7,0.7,1.0,1.0,4,4,0.0,0.0,0.0,1.0,0.0,0.0,1.7233503749999954,0.0
nvbench2:dev:725,qwen3:14b,full,boxplot,8,0.0,0.0,0.0,0.0,0.0,0.4,0.4,1.0,1.0,5,5,1.0,0.0,0.0,0.0,1.0,1.0,2.108790083000031,0.0
nvbench2:dev:732,qwen3:14b,full,bar+line+rect,13,1.0,0.0,1.0,0.0,0.0,0.52,0.64,1.0,1.0,5,5,1.0,1.0,0.0,0.0,0.0,1.0,2.767543499999988,0.0
nvbench2:dev:733,qwen3:14b,full,bar+line+rect,23,0.0,0.0,0.0,0.0,0.0,0.9199999999999999,0.36,1.0,1.0,5,5,0.0,0.0,0.0,0.0,1.0,0.0,3.662252625000008,0.0
nvbench2:dev:17,qwen3:14b,leave_self_out,line,7,0.0,0.0,0.0,0.0,0.0,0.44000000000000006,0.44000000000000006,1.0,1.0,5,5,0.0,0.0,1.0,1.0,0.0,0.0,2.093205375,0.0
nvbench2:dev:22,qwen3:14b,leave_self_out,boxplot,3,0.0,0.0,0.0,0.0,0.0,0.8,0.8,1.0,1.0,3,3,0.0,0.0,0.0,0.0,1.0,0.0,1.4843185,0.0
nvbench2:dev:23,qwen3:14b,leave_self_out,point,9,0.0,0.0,0.0,0.0,0.0,0.44000000000000006,0.44000000000000006,1.0,1.0,5,5,0.0,0.0,0.0,0.0,1.0,0.0,2.158933792,0.0
nvbench2:dev:25,qwen3:14b,leave_self_out,rect,17,0.0,0.0,0.0,0.0,0.0,0.9333333333333332,1.0,1.0,1.0,5,5,0.0,0.0,0.0,0.0,1.0,0.0,3.1506942920000007,0.0
nvbench2:dev:33,qwen3:14b,leave_self_out,arc,7,0.0,0.0,0.0,0.0,0.0,0.8,1.0,1.0,1.0,5,5,0.0,0.0,0.0,0.0,1.0,0.0,1.8081550830000008,0.0
nvbench2:dev:34,qwen3:14b,leave_self_out,point,6,1.0,1.0,1.0,1.0,1.0,1.0,1.0,1.0,1.0,5,5,0.0,0.0,1.0,0.0,1.0,0.0,1.5490556669999993,0.0
nvbench2:dev:35,qwen3:14b,leave_self_out,bar+line+point+rect,9,0.0,0.0,0.0,0.0,0.0,0.7333333333333333,0.7333333333333333,1.0,1.0,5,5,0.0,0.0,1.0,0.0,0.0,0.0,2.1036174999999986,0.0
nvbench2:dev:39,qwen3:14b,leave_self_out,arc,2,0.0,0.0,0.0,0.0,0.0,1.0,1.0,1.0,1.0,2,2,0.0,0.0,0.0,0.0,1.0,0.0,1.2780382499999998,0.0
nvbench2:dev:40,qwen3:14b,leave_self_out,rect,13,0.0,0.0,0.0,0.0,0.0,0.44000000000000006,0.44000000000000006,1.0,1.0,5,5,0.0,0.0,0.0,0.0,1.0,0.0,2.655208667,0.0
nvbench2:dev:41,qwen3:14b,leave_self_out,arc,9,1.0,0.0,1.0,1.0,1.0,1.0,1.0,1.0,1.0,5,5,0.0,0.0,1.0,0.0,1.0,0.0,2.1556922500000013,1.0
nvbench2:dev:48,qwen3:14b,leave_self_out,arc,10,1.0,1.0,1.0,0.0,1.0,1.0,1.0,1.0,1.0,5,5,0.0,0.0,0.0,0.0,1.0,0.0,1.8530582080000002,-1.0
nvbench2:dev:49,qwen3:14b,leave_self_out,line,14,0.0,0.0,0.0,0.0,0.0,0.9,0.9,1.0,1.0,5,5,0.0,0.0,0.0,0.0,1.0,0.0,2.670633249999998,0.0
nvbench2:dev:51,qwen3:14b,leave_self_out,bar,7,0.0,0.0,0.0,0.0,0.0,0.9199999999999999,0.9199999999999999,1.0,1.0,5,5,0.0,0.0,0.0,0.0,1.0,0.0,1.8249502080000006,0.0
nvbench2:dev:54,qwen3:14b,leave_self_out,bar,9,0.0,0.0,0.0,0.0,0.0,0.9199999999999999,0.9199999999999999,1.0,1.0,5,5,0.0,0.0,1.0,0.0,0.0,0.0,1.9016086670000014,0.0
nvbench2:dev:57,qwen3:14b,leave_self_out,rect,12,0.0,0.0,0.0,0.0,0.0,0.9333333333333332,0.44000000000000006,1.0,1.0,5,5,0.0,0.0,0.0,0.0,1.0,0.0,2.255723333999999,0.0
nvbench2:dev:61,qwen3:14b,leave_self_out,arc,6,1.0,0.0,1.0,0.0,1.0,1.0,1.0,1.0,1.0,5,5,0.0,0.0,0.0,0.0,1.0,0.0,1.8056514999999962,0.0
nvbench2:dev:63,qwen3:14b,leave_self_out,arc,7,0.0,0.0,0.0,0.0,0.0,1.0,0.9,1.0,1.0,5,5,0.0,0.0,0.0,0.0,1.0,0.0,1.9536386659999962,0.0
nvbench2:dev:68,qwen3:14b,leave_self_out,arc,8,0.0,0.0,0.0,0.0,0.0,1.0,1.0,1.0,1.0,5,5,0.0,0.0,0.0,0.0,1.0,0.0,2.1520106660000025,0.0
nvbench2:dev:72,qwen3:14b,leave_self_out,arc,2,0.0,0.0,0.0,0.0,0.0,1.0,1.0,1.0,1.0,2,2,0.0,0.0,0.0,0.0,1.0,0.0,1.593522292000003,0.0
nvbench2:dev:73,qwen3:14b,leave_self_out,arc,1,0.0,0.0,0.0,0.0,0.0,0.8,0.8,1.0,1.0,1,1,0.0,0.0,0.0,1.0,0.0,0.0,1.337625832999997,0.0
nvbench2:dev:76,qwen3:14b,leave_self_out,bar,15,1.0,0.0,0.0,1.0,1.0,0.36,1.0,1.0,1.0,5,5,0.0,0.0,1.0,0.0,0.0,0.0,2.9806271670000015,1.0
nvbench2:dev:83,qwen3:14b,leave_self_out,arc,4,1.0,0.0,1.0,0.0,1.0,1.0,1.0,1.0,1.0,4,4,0.0,0.0,0.0,0.0,1.0,0.0,1.6289425410000007,0.0
nvbench2:dev:84,qwen3:14b,leave_self_out,rect,8,0.0,0.0,0.0,0.0,0.0,0.36,0.8666666666666668,1.0,1.0,5,5,0.0,0.0,1.0,0.0,0.0,0.0,2.348395499999995,0.0
nvbench2:dev:89,qwen3:14b,leave_self_out,arc,8,0.0,0.0,0.0,0.0,0.0,1.0,1.0,1.0,1.0,5,5,0.0,0.0,0.0,0.0,1.0,0.0,2.0001687500000003,0.0
nvbench2:dev:92,qwen3:14b,leave_self_out,arc,2,0.0,0.0,0.0,0.0,0.0,0.8,0.8,1.0,1.0,2,2,0.0,0.0,0.0,0.0,1.0,0.0,1.4260073330000012,0.0
nvbench2:dev:97,qwen3:14b,leave_self_out,line,1,0.0,0.0,0.0,0.0,0.0,0.08,0.08,1.0,1.0,1,1,0.0,0.0,0.0,1.0,0.0,0.0,0.9305635409999979,0.0
nvbench2:dev:103,qwen3:14b,leave_self_out,boxplot,10,1.0,1.0,1.0,0.0,1.0,1.0,0.8,1.0,1.0,5,5,0.0,0.0,0.0,0.0,1.0,0.0,2.353865750000004,-1.0
nvbench2:dev:105,qwen3:14b,leave_self_out,arc,10,0.0,0.0,0.0,0.0,0.0,1.0,1.0,1.0,1.0,5,5,0.0,0.0,0.0,0.0,1.0,0.0,2.6223707499999946,0.0
nvbench2:dev:108,qwen3:14b,leave_self_out,boxplot,8,0.0,0.0,0.0,0.0,0.0,0.5,1.0,1.0,1.0,5,5,0.0,0.0,0.0,0.0,1.0,0.0,1.7129387909999991,0.0
nvbench2:dev:112,qwen3:14b,leave_self_out,boxplot,0,0.0,0.0,0.0,0.0,0.0,0.0,0.0,0.0,1.0,0,0,0.0,0.0,0.0,0.0,0.0,0.0,0.0,0.0
nvbench2:dev:114,qwen3:14b,leave_self_out,line,11,0.0,0.0,0.0,0.0,0.0,0.16,0.37333333333333335,1.0,1.0,5,5,0.0,0.0,0.0,1.0,0.0,0.0,2.7379715840000003,0.0
nvbench2:dev:116,qwen3:14b,leave_self_out,arc,7,1.0,1.0,1.0,0.0,1.0,1.0,1.0,1.0,1.0,5,5,0.0,0.0,0.0,0.0,1.0,0.0,2.1721600420000016,-1.0
nvbench2:dev:118,qwen3:14b,leave_self_out,rect,6,0.0,0.0,0.0,0.0,0.0,0.9333333333333332,0.9333333333333332,1.0,1.0,5,5,0.0,0.0,1.0,0.0,0.0,0.0,1.7361106669999984,0.0
nvbench2:dev:127,qwen3:14b,leave_self_out,arc,6,1.0,0.0,1.0,1.0,1.0,1.0,1.0,1.0,1.0,5,5,0.0,0.0,1.0,0.0,0.0,0.0,2.0657576669999997,1.0
nvbench2:dev:136,qwen3:14b,leave_self_out,boxplot,8,1.0,1.0,1.0,1.0,1.0,1.0,1.0,1.0,1.0,5,5,0.0,0.0,1.0,0.0,0.0,0.0,1.6964613340000056,0.0
nvbench2:dev:138,qwen3:14b,leave_self_out,bar,4,0.0,0.0,0.0,0.0,0.0,0.8,0.8,1.0,1.0,4,4,0.0,0.0,1.0,0.0,0.0,0.0,1.4204025829999978,0.0
nvbench2:dev:139,qwen3:14b,leave_self_out,line,5,0.0,0.0,0.0,0.0,0.0,0.7,0.7,1.0,1.0,5,5,0.0,0.0,0.0,0.0,1.0,0.0,1.5738304999999997,0.0
nvbench2:dev:143,qwen3:14b,leave_self_out,rect,8,1.0,0.0,1.0,0.0,0.0,0.44000000000000006,0.6666666666666667,1.0,1.0,5,5,0.0,0.0,1.0,0.0,0.0,0.0,2.080886417000002,0.0
nvbench2:dev:144,qwen3:14b,leave_self_out,bar,5,0.0,0.0,0.0,0.0,0.0,0.9199999999999999,0.9199999999999999,1.0,1.0,5,5,0.0,0.0,0.0,0.0,1.0,0.0,1.5781799589999963,0.0
nvbench2:dev:149,qwen3:14b,leave_self_out,point,19,0.0,0.0,0.0,0.0,0.0,0.8400000000000001,0.8400000000000001,1.0,1.0,5,5,0.0,0.0,0.0,0.0,1.0,0.0,3.4039894580000123,0.0
nvbench2:dev:157,qwen3:14b,leave_self_out,point,16,0.0,0.0,0.0,0.0,0.0,0.36,0.36,1.0,1.0,5,5,0.0,0.0,0.0,0.0,1.0,0.0,3.057665959000005,0.0
nvbench2:dev:158,qwen3:14b,leave_self_out,point,8,0.0,0.0,0.0,0.0,0.0,0.52,0.22857142857142856,1.0,1.0,5,5,0.0,0.0,0.0,1.0,0.0,0.0,2.292121625000007,0.0
nvbench2:dev:165,qwen3:14b,leave_self_out,line,8,0.0,0.0,0.0,0.0,0.0,0.7333333333333333,0.8,1.0,1.0,5,5,0.0,0.0,1.0,0.0,0.0,0.0,2.3968022089999863,0.0
nvbench2:dev:167,qwen3:14b,leave_self_out,bar,3,0.0,0.0,0.0,0.0,0.0,0.16,0.16,1.0,1.0,3,3,0.0,0.0,0.0,1.0,0.0,0.0,1.3849764999999934,0.0
nvbench2:dev:176,qwen3:14b,leave_self_out,line,9,1.0,0.0,1.0,1.0,1.0,0.9199999999999999,1.0,1.0,1.0,5,5,0.0,0.0,1.0,0.0,0.0,0.0,2.1735624169999994,1.0
nvbench2:dev:182,qwen3:14b,leave_self_out,rect,10,0.0,0.0,0.0,0.0,0.0,0.16,0.16,1.0,1.0,5,5,0.0,0.0,0.0,0.0,1.0,0.0,2.334386084000002,0.0
nvbench2:dev:188,qwen3:14b,leave_self_out,rect,12,1.0,1.0,1.0,0.0,1.0,1.0,1.0,1.0,1.0,5,5,0.0,0.0,0.0,0.0,1.0,0.0,2.473213333000004,-1.0
nvbench2:dev:191,qwen3:14b,leave_self_out,rect,9,0.0,0.0,0.0,0.0,0.0,0.8666666666666666,0.6666666666666667,1.0,1.0,5,5,0.0,0.0,0.0,0.0,1.0,0.0,1.8881641669999993,0.0
nvbench2:dev:203,qwen3:14b,leave_self_out,bar+line,16,0.0,0.0,0.0,0.0,0.0,0.64,0.44000000000000006,1.0,1.0,5,5,0.0,0.0,0.0,0.0,1.0,0.0,2.8730970829999904,0.0
nvbench2:dev:214,qwen3:14b,leave_self_out,rect,12,1.0,1.0,1.0,0.0,1.0,1.0,0.44000000000000006,1.0,1.0,5,5,0.0,0.0,0.0,0.0,1.0,0.0,2.4985474999999866,-1.0
nvbench2:dev:223,qwen3:14b,leave_self_out,boxplot,4,0.0,0.0,0.0,0.0,0.0,0.5,0.6,1.0,1.0,4,4,0.0,0.0,0.0,1.0,0.0,0.0,1.5824990830000019,0.0
nvbench2:dev:228,qwen3:14b,leave_self_out,rect,2,0.0,0.0,0.0,0.0,0.0,0.8,0.8,1.0,1.0,2,2,0.0,0.0,0.0,0.0,1.0,0.0,1.2957168749999965,0.0
nvbench2:dev:232,qwen3:14b,leave_self_out,arc,8,1.0,0.0,1.0,0.0,1.0,1.0,0.9,1.0,1.0,5,5,0.0,0.0,0.0,0.0,1.0,0.0,2.02984020800001,0.0
nvbench2:dev:245,qwen3:14b,leave_self_out,line,8,0.0,0.0,0.0,0.0,0.0,0.8,0.8,1.0,1.0,5,5,0.0,0.0,0.0,0.0,1.0,0.0,2.402048917000002,0.0
nvbench2:dev:252,qwen3:14b,leave_self_out,rect,4,0.0,0.0,0.0,0.0,0.0,0.4,0.16,1.0,1.0,4,4,0.0,0.0,0.0,0.0,1.0,0.0,1.4280473750000056,0.0
nvbench2:dev:253,qwen3:14b,leave_self_out,arc+bar+line,7,1.0,0.0,0.0,0.0,1.0,0.9,0.4,1.0,1.0,5,5,0.0,0.0,0.0,1.0,0.0,0.0,1.7000891670000016,0.0
nvbench2:dev:255,qwen3:14b,leave_self_out,bar,1,0.0,0.0,0.0,0.0,0.0,0.44000000000000006,0.44000000000000006,1.0,1.0,1,1,0.0,0.0,0.0,1.0,0.0,0.0,0.732255374999994,0.0
nvbench2:dev:256,qwen3:14b,leave_self_out,rect,12,0.0,0.0,0.0,0.0,0.0,0.8,0.6266666666666667,1.0,1.0,5,5,0.0,0.0,0.0,0.0,1.0,0.0,3.004341249999996,0.0
nvbench2:dev:259,qwen3:14b,leave_self_out,point,14,0.0,0.0,0.0,0.0,0.0,0.8400000000000001,0.8400000000000001,1.0,1.0,5,5,0.0,0.0,1.0,0.0,1.0,0.0,2.7336190000000045,0.0
nvbench2:dev:278,qwen3:14b,leave_self_out,arc,8,1.0,1.0,1.0,0.0,1.0,1.0,1.0,1.0,1.0,5,5,0.0,0.0,0.0,0.0,1.0,0.0,2.015650375000007,-1.0
nvbench2:dev:283,qwen3:14b,leave_self_out,rect,6,0.0,0.0,0.0,0.0,0.0,0.24000000000000005,0.24000000000000005,1.0,1.0,5,5,0.0,0.0,0.0,0.0,1.0,0.0,2.523504958999993,0.0
nvbench2:dev:286,qwen3:14b,leave_self_out,bar,5,0.0,0.0,0.0,0.0,0.0,0.9199999999999999,0.9199999999999999,1.0,1.0,5,5,0.0,0.0,0.0,0.0,1.0,0.0,2.189362625000001,0.0
nvbench2:dev:292,qwen3:14b,leave_self_out,rect,4,0.0,0.0,0.0,0.0,0.0,0.7333333333333333,0.7333333333333333,1.0,1.0,4,4,0.0,0.0,0.0,0.0,1.0,0.0,2.299779000000001,0.0
nvbench2:dev:296,qwen3:14b,leave_self_out,bar,11,0.0,0.0,0.0,0.0,0.0,0.44000000000000006,0.8,1.0,1.0,5,5,0.0,0.0,0.0,0.0,1.0,0.0,3.130039624999995,0.0
nvbench2:dev:298,qwen3:14b,leave_self_out,bar,3,0.0,0.0,0.0,0.0,0.0,0.9199999999999999,0.9199999999999999,1.0,1.0,3,3,0.0,0.0,0.0,0.0,1.0,0.0,1.79563675,0.0
nvbench2:dev:300,qwen3:14b,leave_self_out,arc,10,1.0,0.0,0.0,1.0,1.0,1.0,1.0,1.0,1.0,5,5,0.0,0.0,1.0,0.0,0.0,0.0,2.5408344170000134,1.0
nvbench2:dev:302,qwen3:14b,leave_self_out,rect,11,0.0,0.0,0.0,0.0,0.0,0.8,0.6,1.0,1.0,5,5,0.0,0.0,0.0,0.0,1.0,0.0,2.448999208999993,0.0
nvbench2:dev:307,qwen3:14b,leave_self_out,rect,2,0.0,0.0,0.0,0.0,0.0,0.6666666666666666,0.6666666666666666,1.0,1.0,2,2,0.0,0.0,0.0,0.0,1.0,0.0,1.4454132080000193,0.0
nvbench2:dev:314,qwen3:14b,leave_self_out,arc,2,0.0,0.0,0.0,0.0,0.0,1.0,1.0,1.0,1.0,2,2,0.0,0.0,0.0,0.0,1.0,0.0,1.234951792000004,0.0
nvbench2:dev:315,qwen3:14b,leave_self_out,bar,8,1.0,1.0,1.0,0.0,1.0,1.0,0.9199999999999999,1.0,1.0,5,5,0.0,0.0,1.0,0.0,0.0,0.0,2.1262554589999922,-1.0
nvbench2:dev:317,qwen3:14b,leave_self_out,rect,7,0.0,0.0,0.0,0.0,0.0,0.7333333333333333,0.5333333333333333,1.0,1.0,5,5,0.0,0.0,1.0,0.0,0.0,0.0,2.086460625000001,0.0
nvbench2:dev:319,qwen3:14b,leave_self_out,boxplot,11,1.0,1.0,1.0,1.0,1.0,1.0,1.0,1.0,1.0,5,5,0.0,0.0,1.0,0.0,1.0,0.0,2.4612196669999946,0.0
nvbench2:dev:326,qwen3:14b,leave_self_out,rect,8,0.0,0.0,0.0,0.0,0.0,0.44000000000000006,0.44000000000000006,1.0,1.0,5,5,0.0,0.0,0.0,0.0,1.0,0.0,1.93004375000001,0.0
nvbench2:dev:327,qwen3:14b,leave_self_out,boxplot,7,0.0,0.0,0.0,0.0,0.0,0.5,0.4,1.0,1.0,5,5,0.0,0.0,0.0,0.0,1.0,0.0,1.6825296670000114,0.0
nvbench2:dev:331,qwen3:14b,leave_self_out,bar,9,0.0,0.0,0.0,0.0,0.0,1.0,1.0,1.0,1.0,5,5,0.0,0.0,0.0,0.0,1.0,0.0,2.0763096249999933,0.0
nvbench2:dev:332,qwen3:14b,leave_self_out,arc,7,0.0,0.0,0.0,0.0,0.0,0.2,0.2,1.0,1.0,5,5,0.0,0.0,0.0,0.0,1.0,0.0,1.7570312919999935,0.0
nvbench2:dev:336,qwen3:14b,leave_self_out,arc,4,1.0,0.0,1.0,1.0,1.0,0.8,1.0,1.0,1.0,4,4,0.0,0.0,0.0,0.0,1.0,0.0,1.6640404999999987,1.0
nvbench2:dev:338,qwen3:14b,leave_self_out,rect,5,0.0,0.0,0.0,0.0,0.0,0.6666666666666667,0.6666666666666667,1.0,1.0,5,5,0.0,0.0,0.0,0.0,1.0,0.0,1.7344299590000105,0.0
nvbench2:dev:340,qwen3:14b,leave_self_out,rect,9,0.0,0.0,0.0,0.0,0.0,0.44000000000000006,0.44000000000000006,1.0,1.0,5,5,0.0,0.0,1.0,0.0,0.0,0.0,2.048035208000016,0.0
nvbench2:dev:346,qwen3:14b,leave_self_out,bar+line+rect,9,0.0,0.0,0.0,0.0,0.0,0.44000000000000006,0.16,1.0,1.0,5,5,0.0,0.0,1.0,0.0,0.0,0.0,2.400650249999984,0.0
nvbench2:dev:358,qwen3:14b,leave_self_out,bar,9,0.0,0.0,0.0,0.0,0.0,0.9199999999999999,0.5333333333333333,1.0,1.0,5,5,0.0,0.0,0.0,0.0,1.0,0.0,2.17623875000001,0.0
nvbench2:dev:362,qwen3:14b,leave_self_out,rect,4,0.0,0.0,0.0,0.0,0.0,0.16,0.4,1.0,1.0,4,4,0.0,0.0,0.0,0.0,1.0,0.0,1.5292693750000126,0.0
nvbench2:dev:367,qwen3:14b,leave_self_out,bar,10,0.0,0.0,0.0,0.0,0.0,0.9199999999999999,0.9199999999999999,1.0,1.0,5,5,0.0,0.0,0.0,0.0,1.0,0.0,2.2314327090000177,0.0
nvbench2:dev:381,qwen3:14b,leave_self_out,rect,10,1.0,0.0,1.0,0.0,1.0,0.8333333333333333,0.6666666666666667,1.0,1.0,5,5,0.0,0.0,1.0,0.0,0.0,0.0,2.3683383750000075,0.0
nvbench2:dev:383,qwen3:14b,leave_self_out,rect,12,1.0,0.0,1.0,0.0,0.0,0.44000000000000006,0.44000000000000006,1.0,1.0,5,5,0.0,0.0,1.0,0.0,0.0,0.0,2.059531749999991,0.0
nvbench2:dev:384,qwen3:14b,leave_self_out,bar,8,0.0,0.0,0.0,0.0,0.0,0.6799999999999999,0.7,1.0,1.0,5,5,0.0,0.0,1.0,0.0,0.0,0.0,2.1828794579999737,0.0
nvbench2:dev:388,qwen3:14b,leave_self_out,rect,2,0.0,0.0,0.0,0.0,0.0,0.6666666666666667,0.6666666666666667,1.0,1.0,2,2,0.0,0.0,0.0,0.0,1.0,0.0,1.1655395000000226,0.0
nvbench2:dev:394,qwen3:14b,leave_self_out,arc,3,0.0,0.0,0.0,0.0,0.0,0.9,0.9,1.0,1.0,3,3,0.0,0.0,1.0,0.0,0.0,0.0,1.1575021660000004,0.0
nvbench2:dev:398,qwen3:14b,leave_self_out,line,5,1.0,1.0,1.0,1.0,1.0,1.0,1.0,1.0,1.0,5,5,0.0,0.0,1.0,0.0,0.0,0.0,1.506081375000008,0.0
nvbench2:dev:403,qwen3:14b,leave_self_out,point,10,0.0,0.0,0.0,0.0,0.0,0.4,0.8,1.0,1.0,5,5,0.0,0.0,1.0,0.0,0.0,0.0,2.256302957999992,0.0
nvbench2:dev:405,qwen3:14b,leave_self_out,bar,11,1.0,1.0,1.0,0.0,1.0,1.0,1.0,1.0,1.0,5,5,0.0,0.0,0.0,0.0,1.0,0.0,1.9933943750000083,-1.0
nvbench2:dev:421,qwen3:14b,leave_self_out,arc,8,0.0,0.0,0.0,0.0,0.0,0.8,0.7,1.0,1.0,5,5,0.0,0.0,0.0,0.0,1.0,0.0,2.308069541000009,0.0
nvbench2:dev:422,qwen3:14b,leave_self_out,arc,1,0.0,0.0,0.0,0.0,0.0,0.8,0.8,1.0,1.0,1,1,0.0,0.0,1.0,0.0,0.0,0.0,1.4362435829999924,0.0
nvbench2:dev:436,qwen3:14b,leave_self_out,point,6,0.0,0.0,0.0,0.0,0.0,0.6,0.4,1.0,1.0,5,5,0.0,0.0,0.0,0.0,1.0,0.0,2.075061249999976,0.0
nvbench2:dev:444,qwen3:14b,leave_self_out,point,6,0.0,0.0,0.0,0.0,0.0,0.06666666666666667,0.13333333333333333,1.0,1.0,5,5,0.0,0.0,1.0,0.0,0.0,0.0,1.9509926249999978,0.0
nvbench2:dev:445,qwen3:14b,leave_self_out,boxplot,2,0.0,0.0,0.0,0.0,0.0,0.2,0.8,1.0,1.0,2,2,0.0,0.0,1.0,0.0,0.0,0.0,1.316471459000013,0.0
nvbench2:dev:455,qwen3:14b,leave_self_out,bar,9,0.0,0.0,0.0,0.0,0.0,0.9199999999999999,0.9199999999999999,1.0,1.0,5,5,0.0,0.0,0.0,0.0,1.0,0.0,2.106745332999992,0.0
nvbench2:dev:457,qwen3:14b,leave_self_out,arc,4,1.0,1.0,1.0,0.0,1.0,1.0,1.0,1.0,1.0,4,4,0.0,0.0,0.0,0.0,1.0,0.0,1.4346054170000002,-1.0
nvbench2:dev:462,qwen3:14b,leave_self_out,bar,3,0.0,0.0,0.0,0.0,0.0,0.8,0.8,1.0,1.0,3,3,0.0,0.0,1.0,0.0,0.0,0.0,1.0339628329999755,0.0
nvbench2:dev:463,qwen3:14b,leave_self_out,bar+line+point,11,0.0,0.0,0.0,0.0,0.0,0.6533333333333333,0.6533333333333333,1.0,1.0,5,5,0.0,0.0,0.0,1.0,0.0,0.0,3.0468099999999936,0.0
nvbench2:dev:465,qwen3:14b,leave_self_out,arc,3,1.0,0.0,1.0,0.0,1.0,1.0,1.0,1.0,1.0,3,3,0.0,0.0,0.0,0.0,1.0,0.0,1.585905916999991,0.0
nvbench2:dev:470,qwen3:14b,leave_self_out,boxplot,3,0.0,0.0,0.0,0.0,0.0,0.8,0.8,1.0,1.0,3,3,0.0,0.0,1.0,0.0,0.0,0.0,1.6346079999999859,0.0
nvbench2:dev:475,qwen3:14b,leave_self_out,bar+line,16,0.0,0.0,0.0,0.0,0.0,0.6666666666666667,0.5599999999999999,1.0,1.0,5,5,0.0,0.0,0.0,0.0,1.0,0.0,3.3825373749999983,0.0
nvbench2:dev:485,qwen3:14b,leave_self_out,bar,8,0.0,0.0,0.0,0.0,0.0,0.6,0.7333333333333333,1.0,1.0,5,5,0.0,0.0,0.0,1.0,0.0,0.0,1.765400542000009,0.0
nvbench2:dev:492,qwen3:14b,leave_self_out,arc,12,0.0,0.0,0.0,0.0,0.0,1.0,0.7,1.0,1.0,5,5,0.0,0.0,1.0,0.0,0.0,0.0,2.2710843749999867,0.0
nvbench2:dev:495,qwen3:14b,leave_self_out,boxplot,8,1.0,1.0,1.0,1.0,1.0,1.0,1.0,1.0,1.0,5,5,0.0,0.0,1.0,0.0,0.0,0.0,1.6821558750000065,0.0
nvbench2:dev:498,qwen3:14b,leave_self_out,arc,3,0.0,0.0,0.0,0.0,0.0,0.8,0.8,1.0,1.0,3,3,0.0,0.0,0.0,0.0,1.0,0.0,1.2388697079999815,0.0
nvbench2:dev:499,qwen3:14b,leave_self_out,line,4,1.0,0.0,1.0,0.0,1.0,1.0,1.0,1.0,1.0,4,4,0.0,0.0,0.0,0.0,1.0,0.0,1.3151828329999944,0.0
nvbench2:dev:507,qwen3:14b,leave_self_out,rect,9,0.0,0.0,0.0,0.0,0.0,0.8,0.8,1.0,1.0,5,5,0.0,0.0,0.0,0.0,1.0,0.0,2.446504540999996,0.0
nvbench2:dev:508,qwen3:14b,leave_self_out,arc,6,1.0,0.0,1.0,1.0,1.0,1.0,1.0,1.0,1.0,5,5,0.0,0.0,1.0,0.0,0.0,0.0,1.6937664159999883,1.0
nvbench2:dev:515,qwen3:14b,leave_self_out,line,6,0.0,0.0,0.0,0.0,0.0,0.5,1.0,1.0,1.0,5,5,0.0,0.0,0.0,0.0,1.0,0.0,1.6631989170000168,0.0
nvbench2:dev:531,qwen3:14b,leave_self_out,bar,7,0.0,0.0,0.0,0.0,0.0,0.9199999999999999,1.0,1.0,1.0,5,5,0.0,0.0,0.0,0.0,1.0,0.0,1.8848862499999939,0.0
nvbench2:dev:538,qwen3:14b,leave_self_out,arc,7,1.0,0.0,1.0,0.0,1.0,1.0,1.0,1.0,1.0,5,5,0.0,0.0,0.0,0.0,1.0,0.0,1.4659933330000001,0.0
nvbench2:dev:540,qwen3:14b,leave_self_out,bar,5,0.0,0.0,0.0,0.0,0.0,0.9199999999999999,0.9199999999999999,1.0,1.0,5,5,0.0,0.0,0.0,0.0,1.0,0.0,1.5657578750000027,0.0
nvbench2:dev:551,qwen3:14b,leave_self_out,line,4,1.0,0.0,1.0,0.0,1.0,1.0,1.0,1.0,1.0,4,4,0.0,0.0,0.0,0.0,1.0,0.0,1.19226070900001,0.0
nvbench2:dev:554,qwen3:14b,leave_self_out,point,10,1.0,0.0,1.0,1.0,1.0,0.8,1.0,1.0,1.0,5,5,0.0,0.0,1.0,0.0,1.0,0.0,2.0546943329999863,1.0
nvbench2:dev:562,qwen3:14b,leave_self_out,bar,8,1.0,1.0,1.0,1.0,1.0,1.0,1.0,1.0,1.0,5,5,0.0,0.0,1.0,0.0,1.0,0.0,1.7885238339999887,0.0
nvbench2:dev:568,qwen3:14b,leave_self_out,line,5,0.0,0.0,0.0,0.0,0.0,1.0,1.0,1.0,1.0,5,5,0.0,0.0,0.0,0.0,1.0,0.0,1.4042155829999956,0.0
nvbench2:dev:571,qwen3:14b,leave_self_out,rect,4,0.0,0.0,0.0,0.0,0.0,0.5333333333333333,0.5333333333333333,1.0,1.0,4,4,0.0,0.0,0.0,1.0,0.0,0.0,1.632781332999997,0.0
nvbench2:dev:572,qwen3:14b,leave_self_out,bar,4,1.0,0.0,1.0,0.0,1.0,0.9333333333333332,0.9333333333333332,1.0,1.0,4,4,0.0,0.0,1.0,0.0,1.0,0.0,1.3989078339999992,0.0
nvbench2:dev:573,qwen3:14b,leave_self_out,point,10,0.0,0.0,0.0,0.0,0.0,0.36,0.36,1.0,1.0,5,5,0.0,0.0,0.0,0.0,1.0,0.0,2.1226656249999962,0.0
nvbench2:dev:603,qwen3:14b,leave_self_out,rect,5,0.0,0.0,0.0,0.0,0.0,0.8,0.8,1.0,1.0,5,5,0.0,0.0,0.0,0.0,1.0,0.0,1.5266156659999979,0.0
nvbench2:dev:605,qwen3:14b,leave_self_out,line,5,1.0,0.0,1.0,1.0,1.0,0.9333333333333332,1.0,1.0,1.0,5,5,0.0,0.0,1.0,0.0,0.0,0.0,1.52235512499999,1.0
nvbench2:dev:606,qwen3:14b,leave_self_out,bar,3,0.0,0.0,0.0,0.0,0.0,0.9199999999999999,0.9199999999999999,1.0,1.0,3,3,0.0,0.0,0.0,0.0,1.0,0.0,1.3464067909999926,0.0
nvbench2:dev:612,qwen3:14b,leave_self_out,arc,5,1.0,1.0,1.0,0.0,1.0,1.0,1.0,1.0,1.0,5,5,0.0,0.0,0.0,0.0,1.0,0.0,1.9265804579999894,-1.0
nvbench2:dev:614,qwen3:14b,leave_self_out,bar,11,0.0,0.0,0.0,0.0,0.0,0.7333333333333333,1.0,1.0,1.0,5,5,0.0,0.0,0.0,0.0,1.0,0.0,2.551158708999992,0.0
nvbench2:dev:628,qwen3:14b,leave_self_out,rect,5,0.0,0.0,0.0,0.0,0.0,0.4666666666666667,0.4666666666666667,1.0,1.0,5,5,0.0,0.0,0.0,0.0,1.0,0.0,2.4935637080000106,0.0
nvbench2:dev:641,qwen3:14b,leave_self_out,rect,5,0.0,0.0,0.0,0.0,0.0,0.9333333333333332,1.0,1.0,1.0,5,5,0.0,0.0,0.0,0.0,1.0,0.0,1.4835649999999987,0.0
nvbench2:dev:642,qwen3:14b,leave_self_out,line,0,0.0,0.0,0.0,0.0,0.0,0.0,0.0,0.0,1.0,0,0,0.0,0.0,0.0,0.0,0.0,0.0,0.0,0.0
nvbench2:dev:644,qwen3:14b,leave_self_out,bar+line,11,0.0,0.0,0.0,0.0,0.0,0.64,0.7333333333333333,1.0,1.0,5,5,0.0,0.0,0.0,0.0,1.0,0.0,2.6963246660000095,0.0
nvbench2:dev:647,qwen3:14b,leave_self_out,bar,11,1.0,0.0,1.0,0.0,1.0,0.9199999999999999,1.0,1.0,1.0,5,5,0.0,0.0,0.0,0.0,1.0,0.0,2.419374417,0.0
nvbench2:dev:651,qwen3:14b,leave_self_out,bar,12,0.0,0.0,0.0,0.0,0.0,0.9199999999999999,0.9199999999999999,1.0,1.0,5,5,0.0,0.0,0.0,0.0,1.0,0.0,2.3876078749999863,0.0
nvbench2:dev:655,qwen3:14b,leave_self_out,line,15,0.0,0.0,0.0,0.0,0.0,0.3,0.2,1.0,1.0,5,5,0.0,0.0,1.0,0.0,0.0,0.0,3.4467029589999925,0.0
nvbench2:dev:666,qwen3:14b,leave_self_out,line,10,0.0,0.0,0.0,0.0,0.0,0.9333333333333332,0.9333333333333332,1.0,1.0,5,5,0.0,0.0,1.0,0.0,1.0,0.0,2.209830167000007,0.0
nvbench2:dev:672,qwen3:14b,leave_self_out,bar,9,1.0,1.0,1.0,0.0,1.0,1.0,1.0,1.0,1.0,5,5,0.0,0.0,0.0,0.0,1.0,0.0,1.873336375000008,-1.0
nvbench2:dev:675,qwen3:14b,leave_self_out,bar,10,1.0,0.0,1.0,1.0,1.0,1.0,1.0,1.0,1.0,5,5,0.0,0.0,1.0,0.0,1.0,0.0,2.0142420839999886,1.0
nvbench2:dev:681,qwen3:14b,leave_self_out,bar,9,0.0,0.0,0.0,0.0,0.0,0.64,0.9199999999999999,1.0,1.0,5,5,0.0,0.0,0.0,0.0,1.0,0.0,2.1480461669999613,0.0
nvbench2:dev:683,qwen3:14b,leave_self_out,bar,2,0.0,0.0,0.0,0.0,0.0,0.9199999999999999,0.9199999999999999,1.0,1.0,2,2,0.0,0.0,0.0,0.0,1.0,0.0,1.4261096669999915,0.0
nvbench2:dev:684,qwen3:14b,leave_self_out,bar,0,0.0,0.0,0.0,0.0,0.0,0.0,0.0,0.0,1.0,0,0,0.0,0.0,0.0,0.0,0.0,0.0,0.0,0.0
nvbench2:dev:713,qwen3:14b,leave_self_out,bar,4,1.0,0.0,1.0,1.0,1.0,0.16,1.0,1.0,1.0,4,4,0.0,0.0,1.0,0.0,0.0,0.0,1.5455514999999878,1.0
nvbench2:dev:715,qwen3:14b,leave_self_out,point,10,0.0,0.0,0.0,0.0,0.0,0.3333333333333333,0.3333333333333333,1.0,1.0,5,5,0.0,0.0,1.0,0.0,1.0,0.0,2.5294192080000357,0.0
nvbench2:dev:716,qwen3:14b,leave_self_out,boxplot,12,1.0,1.0,1.0,0.0,1.0,1.0,0.8,1.0,1.0,5,5,0.0,0.0,0.0,0.0,1.0,0.0,2.24708558399999,-1.0
nvbench2:dev:717,qwen3:14b,leave_self_out,boxplot,3,0.0,0.0,0.0,0.0,0.0,0.44000000000000006,0.44000000000000006,1.0,1.0,3,3,0.0,0.0,0.0,1.0,0.0,0.0,1.7066772079999737,0.0
nvbench2:dev:718,qwen3:14b,leave_self_out,boxplot,9,0.0,0.0,0.0,0.0,0.0,0.8,0.8,1.0,1.0,5,5,0.0,0.0,0.0,0.0,1.0,0.0,2.198070541999982,0.0
nvbench2:dev:719,qwen3:14b,leave_self_out,arc,3,0.0,0.0,0.0,0.0,0.0,0.4,0.4,1.0,1.0,3,3,0.0,0.0,1.0,0.0,0.0,0.0,1.7870225000000346,0.0
nvbench2:dev:721,qwen3:14b,leave_self_out,boxplot,7,1.0,0.0,1.0,1.0,1.0,0.3,1.0,1.0,1.0,5,5,0.0,0.0,1.0,0.0,0.0,0.0,2.1187980419999803,1.0
nvbench2:dev:723,qwen3:14b,leave_self_out,boxplot,4,0.0,0.0,0.0,0.0,0.0,0.7,0.7,1.0,1.0,4,4,0.0,0.0,0.0,1.0,0.0,0.0,1.6434490409999967,0.0
nvbench2:dev:725,qwen3:14b,leave_self_out,boxplot,6,0.0,0.0,0.0,0.0,0.0,0.4,0.4,1.0,1.0,5,5,0.0,0.0,1.0,0.0,0.0,0.0,1.99646841699996,0.0
nvbench2:dev:732,qwen3:14b,leave_self_out,bar+line+rect,12,1.0,0.0,1.0,0.0,0.0,0.52,0.52,1.0,1.0,5,5,0.0,0.0,0.0,0.0,1.0,0.0,2.7384624999999687,0.0
nvbench2:dev:733,qwen3:14b,leave_self_out,bar+line+rect,19,0.0,0.0,0.0,0.0,0.0,0.9199999999999999,0.9199999999999999,1.0,1.0,5,5,0.0,0.0,0.0,0.0,1.0,0.0,3.4093464160000053,0.0
