model,condition,seed,temperature,ambiguity_group,n,parse_success,candidate_count,valid_candidate_count,any_valid_candidate,any_valid_candidate_ci_low,any_valid_candidate_ci_high,all_candidates_valid,elapsed_seconds,raw_hit@1,raw_hit@1_ci_low,raw_hit@1_ci_high,raw_hit@3,raw_hit@5,raw_hit@5_ci_low,raw_hit@5_ci_high,raw_recall@5,raw_mrr,raw_mrr_ci_low,raw_mrr_ci_high,valid_hit@1,valid_hit@5,valid_mrr,top1_mark,top1_channels,top1_fields,top1_operations,top1_filters,top1_macro,top1_macro_ci_low,top1_macro_ci_high,best5_macro,best5_macro_ci_low,best5_macro_ci_high,graded_ndcg@5
deepseek-r1:1.5b,direct,42,0.0,multi_gold,5,1.0,1.0,0.0,0.0,0.0,0.0,0.0,2.6625399199780078,0.0,0.0,0.0,0.0,0.0,0.0,0.0,0.0,0.0,0.0,0.0,0.0,0.0,0.0,0.4,0.0,0.0,0.8,0.8,0.4,0.2,0.5599999999999999,0.4,0.2,0.5599999999999999,0.14360161036780092
deepseek-r1:1.5b,direct,43,0.0,multi_gold,1,1.0,1.0,0.0,0.0,0.0,0.0,0.0,4.449379700003192,0.0,0.0,0.0,0.0,0.0,0.0,0.0,0.0,0.0,0.0,0.0,0.0,0.0,0.0,1.0,0.0,0.0,1.0,1.0,0.6,0.6,0.6,0.6,0.6,0.6,0.2013254590160842
deepseek-r1:1.5b,direct,44,0.0,multi_gold,10,1.0,1.0,0.0,0.0,0.0,0.0,0.0,1.9532970799831673,0.0,0.0,0.0,0.0,0.0,0.0,0.0,0.0,0.0,0.0,0.0,0.0,0.0,0.0,0.5,0.0,0.0,0.4,0.9,0.36,0.24000000000000002,0.48,0.36,0.24000000000000002,0.48,0.1250428625055261
deepseek-r1:1.5b,staged,44,0.0,multi_gold,10,1.0,1.5,0.0,0.0,0.0,0.0,0.0,11.954214099992532,0.0,0.0,0.0,0.0,0.0,0.0,0.0,0.0,0.0,0.0,0.0,0.0,0.0,0.0,0.3,0.0,0.0,0.6,0.9,0.36,0.24000000000000002,0.48,0.36,0.24,0.48,0.15846209782885956
gemma3:27b,direct,42,0.0,multi_gold,5,0.8,3.0,0.6,0.2,0.0,0.6,0.0,18.831438979995436,0.0,0.0,0.0,0.0,0.0,0.0,0.0,0.0,0.0,0.0,0.0,0.0,0.0,0.0,0.8,0.6,0.36666666666666664,0.7333333333333333,0.8,0.6599999999999999,0.31999999999999995,0.8599999999999999,0.6599999999999999,0.31999999999999995,0.8599999999999999,0.4820672266719043
gemma3:27b,direct,44,0.0,multi_gold,10,1.0,3.8,1.5,0.5,0.2,0.8,0.2,13.143344129994512,0.0,0.0,0.0,0.1,0.1,0.0,0.3,0.02,0.03333333333333333,0.0,0.09999999999999999,0.0,0.1,0.03333333333333333,0.8,0.7023809523809523,0.2833333333333333,0.4666666666666667,0.9,0.6304761904761904,0.5004642857142856,0.7566666666666666,0.6771428571428572,0.5476071428571428,0.8066666666666666,0.46433996589884674
gemma3:27b,direct,55,0.0,multi_gold,149,1.0,3.530201342281879,1.3221476510067114,0.5637583892617449,0.48322147651006714,0.6377516778523481,0.14093959731543623,10.804658630875332,0.03355704697986577,0.006711409395973154,0.06711409395973154,0.08053691275167785,0.08053691275167785,0.040268456375838924,0.12751677852348994,0.028523489932885907,0.05480984340044743,0.025727069351230425,0.0894854586129754,0.06711409395973154,0.08053691275167785,0.07270693512304251,0.8791946308724832,0.8354426334292107,0.43413231064237773,0.4248322147651007,0.7046979865771812,0.6556599552572707,0.6225894854586129,0.690636305528923,0.704729945669543,0.6728410035155002,0.7358200703100032,0.5790204081655252
gemma3:27b,direct,55,0.0,single_gold,1,1.0,1.0,0.0,0.0,0.0,0.0,0.0,5.271564200054854,0.0,0.0,0.0,0.0,0.0,0.0,0.0,0.0,0.0,0.0,0.0,0.0,0.0,0.0,1.0,0.0,0.0,0.0,1.0,0.4,0.4,0.4,0.4,0.4,0.4,0.3195079107728942
gemma3:27b,staged,44,0.0,multi_gold,10,1.0,1.0,0.6,0.6,0.3,0.9,0.6,48.80034645999549,0.2,0.0,0.5,0.2,0.2,0.0,0.5,0.05,0.2,0.0,0.5,0.2,0.2,0.2,0.8,0.839047619047619,0.36666666666666664,0.3,0.9,0.6411428571428571,0.4931428571428571,0.7933333333333333,0.6411428571428571,0.48492857142857143,0.7972142857142853,0.24730153443309513
gemma3:27b,staged,55,0.0,multi_gold,149,1.0,1.080536912751678,0.738255033557047,0.6912751677852349,0.6174496644295302,0.7651006711409396,0.6778523489932886,46.07428739597043,0.18791946308724833,0.12751677852348994,0.2550335570469799,0.18791946308724833,0.18791946308724833,0.12751677852348994,0.2550335570469799,0.06789709172259507,0.18791946308724833,0.12751677852348994,0.2550335570469799,0.18791946308724833,0.18791946308724833,0.18791946308724833,0.9060402684563759,0.9112176414189838,0.5732342601470118,0.6476510067114094,0.6778523489932886,0.7431991051454139,0.708649568552253,0.7801156919143496,0.7446308724832215,0.7099214605305209,0.7789471875998721,0.36222775351952996
gemma3:27b,staged,55,0.0,single_gold,1,1.0,1.0,1.0,1.0,1.0,1.0,1.0,48.93609979993198,1.0,1.0,1.0,1.0,1.0,1.0,1.0,1.0,1.0,1.0,1.0,1.0,1.0,1.0,1.0,1.0,1.0,1.0,1.0,1.0,1.0,1.0,1.0,1.0,1.0,1.0
llama3.2:3b,direct,42,0.0,multi_gold,5,1.0,3.0,1.6,0.4,0.0,0.8,0.2,5.730990440025925,0.0,0.0,0.0,0.0,0.0,0.0,0.0,0.0,0.0,0.0,0.0,0.0,0.0,0.0,0.6,0.4,0.3,0.2,0.6,0.42,0.12,0.72,0.42,0.12,0.72,0.3642150442689375
llama3.2:3b,direct,43,0.0,multi_gold,1,1.0,5.0,4.0,1.0,1.0,1.0,0.0,11.531025600037538,0.0,0.0,0.0,0.0,0.0,0.0,0.0,0.0,0.0,0.0,0.0,0.0,0.0,0.0,1.0,1.0,0.5,0.0,1.0,0.7,0.7,0.7,0.7,0.7,0.7,0.546138254750795
llama3.2:3b,direct,44,0.0,multi_gold,10,1.0,4.4,2.4,0.7,0.4,1.0,0.3,7.52369127003476,0.0,0.0,0.0,0.0,0.0,0.0,0.0,0.0,0.0,0.0,0.0,0.0,0.0,0.0,0.8,0.7266666666666667,0.43333333333333335,0.0,0.9,0.5720000000000001,0.46,0.6920000000000001,0.612,0.504,0.7160000000000001,0.45642592817888317
llama3.2:3b,direct,55,0.0,multi_gold,149,1.0,4.6375838926174495,1.5503355704697988,0.6241610738255033,0.5436241610738255,0.697986577181208,0.10067114093959731,7.639915603356774,0.0,0.0,0.0,0.0,0.0,0.0,0.0,0.0,0.0,0.0,0.0,0.0,0.0,0.0,0.785234899328859,0.6499840204538191,0.2821029082774049,0.1413870246085011,0.6711409395973155,0.5059699584531799,0.47415548098434007,0.537213167146053,0.5602492809204218,0.5330199744327262,0.5873916586768936,0.4636621402594998
llama3.2:3b,direct,55,0.0,single_gold,1,1.0,5.0,3.0,1.0,1.0,1.0,0.0,6.486579800024629,0.0,0.0,0.0,0.0,0.0,0.0,0.0,0.0,0.0,0.0,0.0,0.0,0.0,0.0,1.0,0.8,0.0,0.0,1.0,0.5599999999999999,0.5599999999999999,0.5599999999999999,0.5599999999999999,0.5599999999999999,0.5599999999999999,0.9966968174610518
llama3.2:3b,staged,44,0.0,multi_gold,10,1.0,2.5,0.4,0.3,0.1,0.6,0.0,13.808220659988,0.0,0.0,0.0,0.0,0.0,0.0,0.0,0.0,0.0,0.0,0.0,0.0,0.0,0.0,0.7,0.7666666666666667,0.3433333333333333,0.1,0.4,0.462,0.32794999999999996,0.594,0.502,0.372,0.622,0.2735612490055254
llama3.2:3b,staged,55,0.0,multi_gold,149,1.0,2.530201342281879,0.3422818791946309,0.1610738255033557,0.10067114093959731,0.2214765100671141,0.013422818791946308,8.942769296114097,0.0,0.0,0.0,0.0,0.0,0.0,0.0,0.0,0.0,0.0,0.0,0.0,0.0,0.0,0.5973154362416108,0.6751038670501758,0.25784595717481623,0.10514541387024609,0.46308724832214765,0.4196995845317993,0.3873223074464685,0.4512965803771173,0.45898370086289547,0.4282992968999681,0.49246532438478746,0.2832089120664892
llama3.2:3b,staged,55,0.0,single_gold,1,1.0,2.0,0.0,0.0,0.0,0.0,0.0,8.303063374999965,0.0,0.0,0.0,0.0,0.0,0.0,0.0,0.0,0.0,0.0,0.0,0.0,0.0,0.0,0.0,0.8,0.4,0.0,1.0,0.44000000000000006,0.44000000000000006,0.44000000000000006,0.44000000000000006,0.44000000000000006,0.44000000000000006,0.581596607886747
mistral-small:24b,direct,42,0.0,multi_gold,5,1.0,2.2,2.2,1.0,1.0,1.0,1.0,14.336641980009153,0.0,0.0,0.0,0.0,0.0,0.0,0.0,0.0,0.0,0.0,0.0,0.0,0.0,0.0,1.0,0.96,0.4,0.2,0.8,0.6719999999999999,0.496,0.86,0.732,0.524,0.94,0.43832761010137256
mistral-small:24b,direct,44,0.0,multi_gold,10,1.0,3.5,3.1,0.9,0.7,1.0,0.7,19.037456109991762,0.0,0.0,0.0,0.0,0.0,0.0,0.0,0.0,0.0,0.0,0.0,0.0,0.0,0.0,0.8,0.9266666666666666,0.26666666666666666,0.0,0.8,0.5586666666666666,0.45665,0.6626833333333332,0.6453333333333333,0.5313333333333333,0.756733333333333,0.46882683908357337
mistral-small:24b,direct,55,0.0,multi_gold,447,0.9932885906040269,2.6308724832214767,2.161073825503356,0.8053691275167785,0.7695749440715883,0.8411633109619687,0.697986577181208,11.928361557267024,0.0,0.0,0.0,0.0,0.0,0.0,0.0,0.0,0.0,0.0,0.0,0.0,0.0,0.0,0.8993288590604027,0.8975391498881432,0.569351230425056,0.5480984340044742,0.7181208053691275,0.7264876957494407,0.705100298284862,0.7462065622669649,0.7736848833493128,0.7533411100458081,0.7931090337701076,0.5900002977664719
mistral-small:24b,direct,55,0.0,single_gold,3,1.0,2.0,1.0,1.0,1.0,1.0,0.0,8.045914300018921,0.0,0.0,0.0,0.0,0.0,0.0,0.0,0.0,0.0,0.0,0.0,0.0,0.0,0.0,1.0,0.8,0.8,0.0,1.0,0.72,0.72,0.72,0.72,0.72,0.72,0.9209773122268128
mistral-small:24b,staged,44,0.0,multi_gold,26,1.0,1.1923076923076923,0.8461538461538461,0.6538461538461539,0.46153846153846156,0.8076923076923077,0.6538461538461539,48.20285330767421,0.11538461538461539,0.0,0.23076923076923078,0.11538461538461539,0.11538461538461539,0.0,0.2692307692307692,0.028846153846153848,0.11538461538461539,0.0,0.23076923076923078,0.11538461538461539,0.11538461538461539,0.11538461538461539,0.8076923076923077,0.9051282051282051,0.38461538461538464,0.19230769230769232,0.7307692307692307,0.6041025641025641,0.4953717948717949,0.7053846153846154,0.6041025641025641,0.5038333333333334,0.7189935897435896,0.256789239923791
mistral-small:24b,staged,55,0.0,multi_gold,149,1.0,1.2281879194630871,0.6644295302013423,0.47651006711409394,0.40268456375838924,0.5570469798657718,0.46308724832214765,25.47637546577275,0.0738255033557047,0.03355704697986577,0.12080536912751678,0.0738255033557047,0.0738255033557047,0.03355704697986577,0.12080536912751678,0.026957494407158836,0.0738255033557047,0.03355704697986577,0.12080536912751678,0.0738255033557047,0.0738255033557047,0.0738255033557047,0.8926174496644296,0.9222435282837967,0.5389581335890061,0.5212527964205816,0.6375838926174496,0.7025311601150527,0.6660990731863214,0.7385564077980186,0.7092873122403324,0.6753704058804729,0.7450402684563759,0.36363944482035304
mistral-small:24b,staged,55,0.0,single_gold,1,1.0,1.0,1.0,1.0,1.0,1.0,1.0,21.86477390001528,0.0,0.0,0.0,0.0,0.0,0.0,0.0,0.0,0.0,0.0,0.0,0.0,0.0,0.0,1.0,1.0,0.6666666666666666,0.0,1.0,0.7333333333333333,0.7333333333333333,0.7333333333333333,0.7333333333333333,0.7333333333333333,0.7333333333333333,0.6624757922855755
phi3.5:latest,direct,42,0.0,multi_gold,5,0.6,1.6,1.0,0.2,0.0,0.6,0.2,3.154138380032964,0.0,0.0,0.0,0.0,0.0,0.0,0.0,0.0,0.0,0.0,0.0,0.0,0.0,0.0,0.4,0.0,0.0,0.6,0.6,0.32,0.08,0.5599999999999999,0.33599999999999997,0.096,0.576,0.18660702596847162
phi3.5:latest,direct,43,0.0,multi_gold,1,1.0,2.0,0.0,0.0,0.0,0.0,0.0,6.582874599960633,0.0,0.0,0.0,0.0,0.0,0.0,0.0,0.0,0.0,0.0,0.0,0.0,0.0,0.0,1.0,0.0,0.0,1.0,1.0,0.6,0.6,0.6,0.6,0.6,0.6,0.32834768126076275
phi3.5:latest,direct,44,0.0,multi_gold,10,0.8,3.0,1.9,0.6,0.3,0.9,0.3,8.309420190006495,0.0,0.0,0.0,0.0,0.0,0.0,0.0,0.0,0.0,0.0,0.0,0.0,0.0,0.0,0.5,0.30666666666666664,0.1,0.4,0.8,0.42133333333333334,0.236,0.6200333333333331,0.46799999999999997,0.26266666666666666,0.69,0.35847470995374253
phi3.5:latest,staged,44,0.0,multi_gold,10,1.0,2.5,0.3,0.3,0.1,0.6,0.1,7.503867750009522,0.0,0.0,0.0,0.0,0.0,0.0,0.0,0.0,0.0,0.0,0.0,0.0,0.0,0.0,0.6,0.5566666666666666,0.27,0.4,0.3,0.42533333333333334,0.3053166666666667,0.546,0.53,0.45995,0.6,0.27152334869781575
qwen3:14b,direct,101,0.2,multi_gold,149,1.0,3.738255033557047,1.9664429530201342,0.5436241610738255,0.46308724832214765,0.6241610738255033,0.4228187919463087,3.694541450332844,0.0,0.0,0.0,0.006711409395973154,0.020134228187919462,0.0,0.04697986577181208,0.01174496644295302,0.0052572706935123045,0.0,0.012192393736017897,0.006711409395973154,0.020134228187919462,0.011185682326621923,0.8859060402684564,0.9333972515180569,0.4899328859060403,0.537807606263982,0.6912751677852349,0.7076637903483541,0.6760679130712688,0.7419725151805688,0.734784276126558,0.7028373282198785,0.7662844359220198,0.6969606904072623
qwen3:14b,direct,101,0.2,single_gold,1,1.0,1.0,1.0,1.0,1.0,1.0,1.0,1.3333410999039188,0.0,0.0,0.0,0.0,0.0,0.0,0.0,0.0,0.0,0.0,0.0,0.0,0.0,0.0,1.0,1.0,1.0,1.0,1.0,1.0,1.0,1.0,1.0,1.0,1.0,1.0
qwen3:14b,direct,202,0.2,multi_gold,149,1.0,3.664429530201342,1.9395973154362416,0.5637583892617449,0.48322147651006714,0.6442953020134228,0.4429530201342282,3.606482602005837,0.006711409395973154,0.0,0.020134228187919462,0.013422818791946308,0.013422818791946308,0.0,0.03355704697986577,0.010067114093959731,0.008948545861297539,0.0,0.024608501118568233,0.006711409395973154,0.013422818791946308,0.008948545861297539,0.8859060402684564,0.9299936081815277,0.5037711728986897,0.53668903803132,0.6912751677852349,0.7095270054330457,0.6773823106423777,0.7448437200383509,0.7358868648130393,0.7038306168104826,0.7689050814956855,0.6836432097404243
qwen3:14b,direct,202,0.2,single_gold,1,1.0,1.0,1.0,1.0,1.0,1.0,1.0,1.3461738999467343,0.0,0.0,0.0,0.0,0.0,0.0,0.0,0.0,0.0,0.0,0.0,0.0,0.0,0.0,1.0,1.0,1.0,1.0,1.0,1.0,1.0,1.0,1.0,1.0,1.0,1.0
qwen3:14b,direct,303,0.2,multi_gold,149,1.0,3.825503355704698,1.9664429530201342,0.5369127516778524,0.4563758389261745,0.6174496644295302,0.4228187919463087,3.8864493684518155,0.0,0.0,0.0,0.0,0.006711409395973154,0.0,0.020134228187919462,0.003355704697986577,0.0016778523489932886,0.0,0.0050335570469798654,0.0,0.006711409395973154,0.0022371364653243847,0.8926174496644296,0.9282678171939917,0.48149568552253114,0.5299776286353467,0.6912751677852349,0.7047267497603068,0.671188958133589,0.7401585969958454,0.7296292745286034,0.6970121444550975,0.7611379833812719,0.6941921528523257
qwen3:14b,direct,303,0.2,single_gold,1,1.0,1.0,1.0,1.0,1.0,1.0,1.0,1.3592666999902576,0.0,0.0,0.0,0.0,0.0,0.0,0.0,0.0,0.0,0.0,0.0,0.0,0.0,0.0,1.0,1.0,1.0,1.0,1.0,1.0,1.0,1.0,1.0,1.0,1.0,1.0
qwen3:14b,direct,44,0.0,multi_gold,10,1.0,4.2,1.8,0.6,0.3,0.9,0.2,5.83364447002532,0.0,0.0,0.0,0.0,0.0,0.0,0.0,0.0,0.0,0.0,0.0,0.0,0.0,0.0,0.8,0.8823809523809524,0.3833333333333333,0.3,0.9,0.6531428571428571,0.5251,0.79,0.7001904761904763,0.5777095238095238,0.8233333333333334,0.6221243468064489
qwen3:14b,direct,55,0.0,multi_gold,894,1.0,3.8512304250559284,2.145413870246085,0.5894854586129754,0.5570469798657718,0.6219239373601789,0.4429530201342282,3.808429627180942,0.003355704697986577,0.0,0.007829977628635347,0.007829977628635347,0.012304250559284116,0.005592841163310962,0.020134228187919462,0.008277404921700223,0.006226696495152871,0.0022744220730797913,0.010832401193139444,0.0044742729306487695,0.012304250559284116,0.0073639075316927665,0.9004474272930649,0.9284631227584248,0.5132479315365222,0.5568605518269948,0.6935123042505593,0.7185062675331132,0.7046165441568125,0.7318918584212208,0.7483219701004936,0.7353573026526046,0.760431034941941,0.7250006359975816
qwen3:14b,direct,55,0.0,single_gold,7,1.0,1.0,1.0,1.0,1.0,1.0,1.0,1.538226485701411,0.0,0.0,0.0,0.0,0.0,0.0,0.0,0.0,0.0,0.0,0.0,0.0,0.0,0.0,1.0,1.0,0.8095238095238095,0.9523809523809523,0.42857142857142855,0.8380952380952381,0.7238095238095238,0.9428571428571428,0.8380952380952381,0.7238095238095238,0.9428571428571428,0.7979028388090135
qwen3:14b,direct_rich,55,0.0,multi_gold,12,0.0,0.0,0.0,0.0,0.0,0.0,0.0,7.024876288249999,0.0,0.0,0.0,0.0,0.0,0.0,0.0,0.0,0.0,0.0,0.0,0.0,0.0,0.0,0.0,0.0,0.0,0.0,0.0,0.0,0.0,0.0,0.0,0.0,0.0,0.0
qwen3:14b,staged,101,0.2,multi_gold,149,1.0,1.5503355704697988,0.7919463087248322,0.5033557046979866,0.42953020134228187,0.5906040268456376,0.4429530201342282,14.195808030868843,0.12751677852348994,0.08053691275167785,0.18120805369127516,0.14093959731543623,0.14093959731543623,0.087248322147651,0.20134228187919462,0.0558165548098434,0.1342281879194631,0.08389261744966443,0.18800335570469753,0.12751677852348994,0.14093959731543623,0.1342281879194631,0.8791946308724832,0.9174177053371684,0.5353787152444871,0.5369127516778524,0.7449664429530202,0.7227740492170023,0.6885998721636305,0.7569030041546819,0.7435027165228507,0.7124558964525407,0.773045861297539,0.4149145115804261
qwen3:14b,staged,101,0.2,single_gold,1,1.0,1.0,1.0,1.0,1.0,1.0,1.0,12.60098830005154,1.0,1.0,1.0,1.0,1.0,1.0,1.0,1.0,1.0,1.0,1.0,1.0,1.0,1.0,1.0,1.0,1.0,1.0,1.0,1.0,1.0,1.0,1.0,1.0,1.0,1.0
qwen3:14b,staged,202,0.2,multi_gold,149,1.0,1.5033557046979866,0.785234899328859,0.4966442953020134,0.4161073825503356,0.5771812080536913,0.47651006711409394,14.172131971811607,0.12080536912751678,0.0738255033557047,0.174496644295302,0.12751677852348994,0.12751677852348994,0.0738255033557047,0.18137583892617357,0.05078299776286353,0.12304250559284116,0.0738255033557047,0.1767337807606264,0.12080536912751678,0.12751677852348994,0.12304250559284116,0.9060402684563759,0.9096836049856184,0.5209332054969639,0.5805369127516778,0.7483221476510067,0.7331032278683285,0.7003558644934483,0.7676861617130073,0.747158836689038,0.7159574944071587,0.7772523170341962,0.42568062760589526
qwen3:14b,staged,202,0.2,single_gold,1,1.0,1.0,1.0,1.0,1.0,1.0,1.0,12.60649989999365,1.0,1.0,1.0,1.0,1.0,1.0,1.0,1.0,1.0,1.0,1.0,1.0,1.0,1.0,1.0,1.0,1.0,1.0,1.0,1.0,1.0,1.0,1.0,1.0,1.0,1.0
qwen3:14b,staged,303,0.2,multi_gold,149,1.0,1.4630872483221478,0.8120805369127517,0.5033557046979866,0.42953020134228187,0.5838926174496645,0.46308724832214765,14.166615977173908,0.09395973154362416,0.053691275167785234,0.1476510067114094,0.09395973154362416,0.10067114093959731,0.053691275167785234,0.15436241610738255,0.039149888143176735,0.0953020134228188,0.049664429530201344,0.1476510067114094,0.09395973154362416,0.10067114093959731,0.0953020134228188,0.9060402684563759,0.9133908596995846,0.5537871524448705,0.5861297539149888,0.7080536912751678,0.7334803451581975,0.7013326941514861,0.768364493448386,0.7444103547459252,0.7132189197826782,0.7750113454777885,0.4145581920414431
qwen3:14b,staged,303,0.2,single_gold,1,1.0,1.0,1.0,1.0,1.0,1.0,1.0,13.138236099970527,1.0,1.0,1.0,1.0,1.0,1.0,1.0,1.0,1.0,1.0,1.0,1.0,1.0,1.0,1.0,1.0,1.0,1.0,1.0,1.0,1.0,1.0,1.0,1.0,1.0,1.0
qwen3:14b,staged,44,0.0,multi_gold,10,1.0,1.4,0.8,0.6,0.3,0.9,0.6,15.28508580001071,0.1,0.0,0.3,0.1,0.1,0.0,0.3,0.025,0.1,0.0,0.3,0.1,0.1,0.1,0.8,0.9166666666666666,0.5333333333333333,0.4666666666666667,0.95,0.7333333333333333,0.58,0.8700833333333329,0.7333333333333333,0.5766666666666667,0.8866666666666666,0.3550904427211467
qwen3:14b,staged,55,0.0,multi_gold,894,1.0,1.523489932885906,0.7829977628635347,0.5134228187919463,0.4809843400447427,0.5458612975391499,0.470917225950783,14.286942148542863,0.10961968680089486,0.09060402684563758,0.1297539149888143,0.116331096196868,0.1185682326621924,0.09840604026845638,0.13982102908277405,0.048695003728560775,0.11323639075316928,0.09284116331096197,0.13594332587621177,0.11297539149888143,0.1185682326621924,0.11491424310216257,0.8926174496644296,0.9144881218706722,0.555821881325237,0.5909768829231916,0.7522371364653244,0.741228294449771,0.7278710983274741,0.7540104666027485,0.7553105358474486,0.7426174496644296,0.7678749334185575,0.43315688036809663
qwen3:14b,staged,55,0.0,single_gold,7,1.0,1.0,0.8571428571428571,0.8571428571428571,0.5714285714285714,1.0,0.8571428571428571,13.850440328574873,0.42857142857142855,0.14285714285714285,0.8571428571428571,0.42857142857142855,0.42857142857142855,0.14285714285714285,0.8571428571428571,0.42857142857142855,0.42857142857142855,0.14285714285714285,0.8571428571428571,0.42857142857142855,0.42857142857142855,0.42857142857142855,1.0,1.0,0.5714285714285714,1.0,0.7142857142857143,0.8571428571428572,0.7523809523809525,0.9523809523809526,0.8571428571428572,0.742857142857143,0.9523809523809526,0.8199068868064402
qwen3:4b,direct,42,0.0,multi_gold,5,1.0,0.0,0.0,0.0,0.0,0.0,0.0,3.178062059986405,0.0,0.0,0.0,0.0,0.0,0.0,0.0,0.0,0.0,0.0,0.0,0.0,0.0,0.0,0.0,0.0,0.0,0.0,0.0,0.0,0.0,0.0,0.0,0.0,0.0,0.0
qwen3:4b,direct,43,0.0,multi_gold,1,1.0,0.0,0.0,0.0,0.0,0.0,0.0,12.283833499997854,0.0,0.0,0.0,0.0,0.0,0.0,0.0,0.0,0.0,0.0,0.0,0.0,0.0,0.0,0.0,0.0,0.0,0.0,0.0,0.0,0.0,0.0,0.0,0.0,0.0,0.0
