record_id,index,model,condition,seed,temperature,parse_success,candidate_count,valid_candidate_count,any_candidate,any_valid_candidate,all_candidates_valid,elapsed_seconds,gold_count_raw,gold_count_canonical,ambiguity_group,gold_family,raw_mrr,raw_hit@1,raw_recall@1,raw_precision@1,raw_f1@1,raw_hit@3,raw_recall@3,raw_precision@3,raw_f1@3,raw_hit@5,raw_recall@5,raw_precision@5,raw_f1@5,valid_mrr,valid_hit@1,valid_recall@1,valid_precision@1,valid_f1@1,valid_hit@3,valid_recall@3,valid_precision@3,valid_f1@3,valid_hit@5,valid_recall@5,valid_precision@5,valid_f1@5,top1_mark,top1_channels,top1_fields,top1_operations,top1_filters,top1_macro,best5_mark,best5_channels,best5_fields,best5_operations,best5_filters,best5_macro,graded_ndcg@5
nvbench-v1:1080@y_name@ASC,0,qwen3:14b,direct,69,0.0,1.0,5,0,1.0,0.0,0.0,14.479843899956904,1,1,single_gold,bar,0.0,0.0,0.0,0.0,0.0,0.0,0.0,0.0,0.0,0.0,0.0,0.0,0.0,0.0,0.0,0.0,0.0,0.0,0.0,0.0,0.0,0.0,0.0,0.0,0.0,0.0,1.0,0.8,0.0,0.6666666666666666,1.0,0.6933333333333334,1.0,0.8,0.4,0.6666666666666666,1.0,0.7733333333333333,1.8774155207526204
nvbench-v1:1184@y_name@ASC,1,qwen3:14b,direct,69,0.0,1.0,5,0,1.0,0.0,0.0,5.759205800015479,1,1,single_gold,bar,0.0,0.0,0.0,0.0,0.0,0.0,0.0,0.0,0.0,0.0,0.0,0.0,0.0,0.0,0.0,0.0,0.0,0.0,0.0,0.0,0.0,0.0,0.0,0.0,0.0,0.0,1.0,0.8,0.4,0.3333333333333333,1.0,0.7066666666666668,1.0,1.0,0.5,0.5,1.0,0.8,2.064049091238978
nvbench-v1:1345,2,qwen3:14b,direct,69,0.0,1.0,2,2,1.0,1.0,1.0,1.5598095000023022,1,1,single_gold,bar,0.0,0.0,0.0,0.0,0.0,0.0,0.0,0.0,0.0,0.0,0.0,0.0,0.0,0.0,0.0,0.0,0.0,0.0,0.0,0.0,0.0,0.0,0.0,0.0,0.0,0.0,1.0,1.0,1.0,1.0,1.0,1.0,1.0,1.0,1.0,1.0,1.0,1.0,1.3940186549702736
nvbench-v1:1380@y_name@ASC,3,qwen3:14b,direct,69,0.0,1.0,4,4,1.0,1.0,1.0,3.7454611000139266,1,1,single_gold,bar,0.0,0.0,0.0,0.0,0.0,0.0,0.0,0.0,0.0,0.0,0.0,0.0,0.0,0.0,0.0,0.0,0.0,0.0,0.0,0.0,0.0,0.0,0.0,0.0,0.0,0.0,1.0,1.0,1.0,0.5,1.0,0.9,1.0,1.0,1.0,0.5,1.0,0.9,2.023374179927179
nvbench-v1:2109@y_name@DESC,4,qwen3:14b,direct,69,0.0,1.0,5,0,1.0,0.0,0.0,6.035223999992013,1,1,single_gold,bar,0.0,0.0,0.0,0.0,0.0,0.0,0.0,0.0,0.0,0.0,0.0,0.0,0.0,0.0,0.0,0.0,0.0,0.0,0.0,0.0,0.0,0.0,0.0,0.0,0.0,0.0,1.0,1.0,0.5,0.4,1.0,0.78,1.0,1.0,0.5,0.4,1.0,0.78,2.114431061559728
nvbench-v1:2235@y_name@DESC,5,qwen3:14b,direct,69,0.0,1.0,5,5,1.0,1.0,1.0,4.6146267000585794,1,1,single_gold,bar,0.0,0.0,0.0,0.0,0.0,0.0,0.0,0.0,0.0,0.0,0.0,0.0,0.0,0.0,0.0,0.0,0.0,0.0,0.0,0.0,0.0,0.0,0.0,0.0,0.0,0.0,1.0,1.0,1.0,0.5,1.0,0.9,1.0,1.0,1.0,0.5,1.0,0.9,2.376342359430372
nvbench-v1:2519,6,qwen3:14b,direct,69,0.0,1.0,5,5,1.0,1.0,1.0,3.7593270000070333,1,1,single_gold,bar,0.0,0.0,0.0,0.0,0.0,0.0,0.0,0.0,0.0,0.0,0.0,0.0,0.0,0.0,0.0,0.0,0.0,0.0,0.0,0.0,0.0,0.0,0.0,0.0,0.0,0.0,1.0,1.0,1.0,1.0,1.0,1.0,1.0,1.0,1.0,1.0,1.0,1.0,2.6874941622710304
nvbench-v1:2765,7,qwen3:14b,direct,69,0.0,1.0,5,4,1.0,1.0,0.0,5.012337599997409,1,1,single_gold,bar,0.0,0.0,0.0,0.0,0.0,0.0,0.0,0.0,0.0,0.0,0.0,0.0,0.0,0.0,0.0,0.0,0.0,0.0,0.0,0.0,0.0,0.0,0.0,0.0,0.0,0.0,1.0,1.0,1.0,1.0,1.0,1.0,1.0,1.0,1.0,1.0,1.0,1.0,2.705195582333432
nvbench-v1:2912,8,qwen3:14b,direct,69,0.0,1.0,5,5,1.0,1.0,1.0,6.131933799944818,1,1,single_gold,bar,0.0,0.0,0.0,0.0,0.0,0.0,0.0,0.0,0.0,0.0,0.0,0.0,0.0,0.0,0.0,0.0,0.0,0.0,0.0,0.0,0.0,0.0,0.0,0.0,0.0,0.0,1.0,1.0,1.0,1.0,1.0,1.0,1.0,1.0,1.0,1.0,1.0,1.0,2.7382501786167395
nvbench-v1:3005@y_name@ASC,9,qwen3:14b,direct,69,0.0,1.0,2,2,1.0,1.0,1.0,2.342235399992205,1,1,single_gold,bar,0.0,0.0,0.0,0.0,0.0,0.0,0.0,0.0,0.0,0.0,0.0,0.0,0.0,0.0,0.0,0.0,0.0,0.0,0.0,0.0,0.0,0.0,0.0,0.0,0.0,0.0,1.0,1.0,1.0,0.5,1.0,0.9,1.0,1.0,1.0,0.5,1.0,0.9,1.3489833973550573
nvbench-v1:3052@y_name@DESC,10,qwen3:14b,direct,69,0.0,1.0,1,0,1.0,0.0,0.0,6.601670000003651,1,1,single_gold,bar,0.0,0.0,0.0,0.0,0.0,0.0,0.0,0.0,0.0,0.0,0.0,0.0,0.0,0.0,0.0,0.0,0.0,0.0,0.0,0.0,0.0,0.0,0.0,0.0,0.0,0.0,1.0,0.8,0.8,0.6666666666666666,1.0,0.8533333333333333,1.0,0.8,0.8,0.6666666666666666,1.0,0.8533333333333333,0.8066704015823645
nvbench-v1:3115@y_name@DESC,11,qwen3:14b,direct,69,0.0,1.0,5,1,1.0,1.0,0.0,4.687863399973139,1,1,single_gold,bar,0.0,0.0,0.0,0.0,0.0,0.0,0.0,0.0,0.0,0.0,0.0,0.0,0.0,0.0,0.0,0.0,0.0,0.0,0.0,0.0,0.0,0.0,0.0,0.0,0.0,0.0,1.0,1.0,0.0,0.0,1.0,0.6,1.0,1.0,1.0,0.0,1.0,0.8,1.7598388848149435
nvbench-v1:348@y_name@ASC,12,qwen3:14b,direct,69,0.0,1.0,1,0,1.0,0.0,0.0,8.844542799983174,1,1,single_gold,bar,0.0,0.0,0.0,0.0,0.0,0.0,0.0,0.0,0.0,0.0,0.0,0.0,0.0,0.0,0.0,0.0,0.0,0.0,0.0,0.0,0.0,0.0,0.0,0.0,0.0,0.0,1.0,0.6666666666666666,0.6666666666666666,0.4,1.0,0.7466666666666666,1.0,0.6666666666666666,0.6666666666666666,0.4,1.0,0.7466666666666666,0.6779115495365
nvbench-v1:383@y_name@ASC,13,qwen3:14b,direct,69,0.0,1.0,5,4,1.0,1.0,0.0,4.88769940007478,1,1,single_gold,bar,0.0,0.0,0.0,0.0,0.0,0.0,0.0,0.0,0.0,0.0,0.0,0.0,0.0,0.0,0.0,0.0,0.0,0.0,0.0,0.0,0.0,0.0,0.0,0.0,0.0,0.0,1.0,1.0,1.0,0.5,1.0,0.9,1.0,1.0,1.0,0.5,1.0,0.9,2.3574282689636004
nvbench-v1:782@y_name@ASC,14,qwen3:14b,direct,69,0.0,1.0,3,0,1.0,0.0,0.0,2.7265404999488965,1,1,single_gold,bar,0.0,0.0,0.0,0.0,0.0,0.0,0.0,0.0,0.0,0.0,0.0,0.0,0.0,0.0,0.0,0.0,0.0,0.0,0.0,0.0,0.0,0.0,0.0,0.0,0.0,0.0,1.0,1.0,0.5,0.5,1.0,0.8,1.0,1.0,0.5,0.5,1.0,0.8,1.579234441060749
nvbench-v1:133,15,qwen3:14b,direct,69,0.0,1.0,3,0,1.0,0.0,0.0,3.322497299988754,1,1,single_gold,bar,0.0,0.0,0.0,0.0,0.0,0.0,0.0,0.0,0.0,0.0,0.0,0.0,0.0,0.0,0.0,0.0,0.0,0.0,0.0,0.0,0.0,0.0,0.0,0.0,0.0,0.0,1.0,1.0,0.6666666666666666,1.0,1.0,0.9333333333333332,1.0,1.0,0.6666666666666666,1.0,1.0,0.9333333333333332,1.840941632870776
nvbench-v1:1331,16,qwen3:14b,direct,69,0.0,1.0,5,3,1.0,1.0,0.0,6.345170699991286,1,1,single_gold,bar,0.0,0.0,0.0,0.0,0.0,0.0,0.0,0.0,0.0,0.0,0.0,0.0,0.0,0.0,0.0,0.0,0.0,0.0,0.0,0.0,0.0,0.0,0.0,0.0,0.0,0.0,1.0,1.0,0.3333333333333333,0.6666666666666666,1.0,0.8,1.0,1.0,1.0,0.6666666666666666,1.0,0.9333333333333332,2.2488993217426896
nvbench-v1:2081,17,qwen3:14b,direct,69,0.0,1.0,5,0,1.0,0.0,0.0,5.589770900085568,1,1,single_gold,bar,0.0,0.0,0.0,0.0,0.0,0.0,0.0,0.0,0.0,0.0,0.0,0.0,0.0,0.0,0.0,0.0,0.0,0.0,0.0,0.0,0.0,0.0,0.0,0.0,0.0,0.0,1.0,1.0,0.6666666666666666,1.0,1.0,0.9333333333333332,1.0,1.0,0.6666666666666666,1.0,1.0,0.9333333333333332,2.514132082378781
nvbench-v1:2246@y_name@DESC,18,qwen3:14b,direct,69,0.0,1.0,5,5,1.0,1.0,1.0,5.194414500030689,1,1,single_gold,bar,0.0,0.0,0.0,0.0,0.0,0.0,0.0,0.0,0.0,0.0,0.0,0.0,0.0,0.0,0.0,0.0,0.0,0.0,0.0,0.0,0.0,0.0,0.0,0.0,0.0,0.0,1.0,1.0,0.3333333333333333,0.0,1.0,0.6666666666666667,1.0,1.0,0.3333333333333333,0.0,1.0,0.6666666666666667,1.7173920417913857
nvbench-v1:2247,19,qwen3:14b,direct,69,0.0,1.0,5,0,1.0,0.0,0.0,5.463445100001991,1,1,single_gold,bar,0.0,0.0,0.0,0.0,0.0,0.0,0.0,0.0,0.0,0.0,0.0,0.0,0.0,0.0,0.0,0.0,0.0,0.0,0.0,0.0,0.0,0.0,0.0,0.0,0.0,0.0,1.0,1.0,1.0,0.0,1.0,0.8,1.0,1.0,1.0,0.0,1.0,0.8,1.8837981093189875
nvbench-v1:2523@y_name@ASC,20,qwen3:14b,direct,69,0.0,1.0,5,0,1.0,0.0,0.0,7.261548300040886,1,1,single_gold,bar,0.0,0.0,0.0,0.0,0.0,0.0,0.0,0.0,0.0,0.0,0.0,0.0,0.0,0.0,0.0,0.0,0.0,0.0,0.0,0.0,0.0,0.0,0.0,0.0,0.0,0.0,1.0,1.0,0.6666666666666666,0.5,1.0,0.8333333333333333,1.0,1.0,0.6666666666666666,0.5,1.0,0.8333333333333333,2.157914763341737
nvbench-v1:2750@y_name@ASC,21,qwen3:14b,direct,69,0.0,1.0,4,0,1.0,0.0,0.0,5.6446149999974295,1,1,single_gold,bar,0.0,0.0,0.0,0.0,0.0,0.0,0.0,0.0,0.0,0.0,0.0,0.0,0.0,0.0,0.0,0.0,0.0,0.0,0.0,0.0,0.0,0.0,0.0,0.0,0.0,0.0,1.0,1.0,0.6666666666666666,0.5,1.0,0.8333333333333333,1.0,1.0,0.6666666666666666,0.5,1.0,0.8333333333333333,1.8247703165751528
nvbench-v1:2829@y_name@DESC,22,qwen3:14b,direct,69,0.0,1.0,5,0,1.0,0.0,0.0,8.481267500086688,1,1,single_gold,bar,0.0,0.0,0.0,0.0,0.0,0.0,0.0,0.0,0.0,0.0,0.0,0.0,0.0,0.0,0.0,0.0,0.0,0.0,0.0,0.0,0.0,0.0,0.0,0.0,0.0,0.0,1.0,0.7499999999999999,0.0,0.0,1.0,0.55,1.0,0.7499999999999999,0.25,0.0,1.0,0.6,1.4009131545944802
nvbench-v1:3088,23,qwen3:14b,direct,69,0.0,1.0,5,0,1.0,0.0,0.0,6.141215099953115,1,1,single_gold,bar,0.0,0.0,0.0,0.0,0.0,0.0,0.0,0.0,0.0,0.0,0.0,0.0,0.0,0.0,0.0,0.0,0.0,0.0,0.0,0.0,0.0,0.0,0.0,0.0,0.0,0.0,1.0,1.0,1.0,0.0,1.0,0.8,1.0,1.0,1.0,0.0,1.0,0.8,1.8856280627390343
nvbench-v1:3091,24,qwen3:14b,direct,69,0.0,1.0,5,0,1.0,0.0,0.0,6.123736200039275,1,1,single_gold,bar,0.0,0.0,0.0,0.0,0.0,0.0,0.0,0.0,0.0,0.0,0.0,0.0,0.0,0.0,0.0,0.0,0.0,0.0,0.0,0.0,0.0,0.0,0.0,0.0,0.0,0.0,1.0,1.0,1.0,0.0,1.0,0.8,1.0,1.0,1.0,0.0,1.0,0.8,2.185106374712705
nvbench-v1:3092@y_name@DESC,25,qwen3:14b,direct,69,0.0,1.0,5,0,1.0,0.0,0.0,6.433251400012523,1,1,single_gold,bar,0.0,0.0,0.0,0.0,0.0,0.0,0.0,0.0,0.0,0.0,0.0,0.0,0.0,0.0,0.0,0.0,0.0,0.0,0.0,0.0,0.0,0.0,0.0,0.0,0.0,0.0,1.0,1.0,0.0,0.0,1.0,0.6,1.0,1.0,0.0,0.0,1.0,0.6,1.5027188115817207
nvbench-v1:680,26,qwen3:14b,direct,69,0.0,1.0,5,0,1.0,0.0,0.0,5.450417299987748,1,1,single_gold,bar,0.0,0.0,0.0,0.0,0.0,0.0,0.0,0.0,0.0,0.0,0.0,0.0,0.0,0.0,0.0,0.0,0.0,0.0,0.0,0.0,0.0,0.0,0.0,0.0,0.0,0.0,1.0,1.0,0.6666666666666666,1.0,1.0,0.9333333333333332,1.0,1.0,0.6666666666666666,1.0,1.0,0.9333333333333332,2.5141320823787803
nvbench-v1:777@y_name@DESC,27,qwen3:14b,direct,69,0.0,1.0,5,0,1.0,0.0,0.0,7.594974700012244,1,1,single_gold,bar,0.0,0.0,0.0,0.0,0.0,0.0,0.0,0.0,0.0,0.0,0.0,0.0,0.0,0.0,0.0,0.0,0.0,0.0,0.0,0.0,0.0,0.0,0.0,0.0,0.0,0.0,1.0,0.8571428571428571,0.5714285714285715,0.0,1.0,0.6857142857142857,1.0,0.8571428571428571,0.5714285714285715,0.0,1.0,0.6857142857142857,1.794131948859022
nvbench-v1:780,28,qwen3:14b,direct,69,0.0,1.0,5,4,1.0,1.0,0.0,8.843734800000675,1,1,single_gold,bar,0.0,0.0,0.0,0.0,0.0,0.0,0.0,0.0,0.0,0.0,0.0,0.0,0.0,0.0,0.0,0.0,0.0,0.0,0.0,0.0,0.0,0.0,0.0,0.0,0.0,0.0,1.0,1.0,1.0,0.5,1.0,0.9,1.0,1.0,1.0,0.5,1.0,0.9,2.4123606195754026
nvbench-v1:927,29,qwen3:14b,direct,69,0.0,1.0,5,5,1.0,1.0,1.0,6.965390600031242,1,1,single_gold,bar,0.0,0.0,0.0,0.0,0.0,0.0,0.0,0.0,0.0,0.0,0.0,0.0,0.0,0.0,0.0,0.0,0.0,0.0,0.0,0.0,0.0,0.0,0.0,0.0,0.0,0.0,1.0,1.0,1.0,0.5,1.0,0.9,1.0,1.0,1.0,0.5,1.0,0.9,2.373622845264178
nvbench-v1:1073,30,qwen3:14b,direct,69,0.0,1.0,5,0,1.0,0.0,0.0,3.035355999949388,1,1,single_gold,arc,0.0,0.0,0.0,0.0,0.0,0.0,0.0,0.0,0.0,0.0,0.0,0.0,0.0,0.0,0.0,0.0,0.0,0.0,0.0,0.0,0.0,0.0,0.0,0.0,0.0,0.0,1.0,1.0,0.5,1.0,1.0,0.9,1.0,1.0,0.5,1.0,1.0,0.9,2.3100712311940717
nvbench-v1:1109,31,qwen3:14b,direct,69,0.0,1.0,5,1,1.0,1.0,0.0,3.18201849993784,1,1,single_gold,arc,0.0,0.0,0.0,0.0,0.0,0.0,0.0,0.0,0.0,0.0,0.0,0.0,0.0,0.0,0.0,0.0,0.0,0.0,0.0,0.0,0.0,0.0,0.0,0.0,0.0,0.0,1.0,1.0,0.5,1.0,1.0,0.9,1.0,1.0,0.5,1.0,1.0,0.9,1.213822643139908
nvbench-v1:1389,32,qwen3:14b,direct,69,0.0,1.0,3,0,1.0,0.0,0.0,2.384138699970208,1,1,single_gold,arc,0.0,0.0,0.0,0.0,0.0,0.0,0.0,0.0,0.0,0.0,0.0,0.0,0.0,0.0,0.0,0.0,0.0,0.0,0.0,0.0,0.0,0.0,0.0,0.0,0.0,0.0,1.0,1.0,0.0,1.0,1.0,0.8,1.0,1.0,0.5,1.0,1.0,0.9,1.6417168693014323
nvbench-v1:1529,33,qwen3:14b,direct,69,0.0,1.0,5,0,1.0,0.0,0.0,3.430515900021419,1,1,single_gold,arc,0.0,0.0,0.0,0.0,0.0,0.0,0.0,0.0,0.0,0.0,0.0,0.0,0.0,0.0,0.0,0.0,0.0,0.0,0.0,0.0,0.0,0.0,0.0,0.0,0.0,0.0,1.0,1.0,0.0,1.0,1.0,0.8,1.0,1.0,0.0,1.0,1.0,0.8,1.0590416121954749
nvbench-v1:1798,34,qwen3:14b,direct,69,0.0,1.0,1,0,1.0,0.0,0.0,0.8364223999669775,1,1,single_gold,arc,0.0,0.0,0.0,0.0,0.0,0.0,0.0,0.0,0.0,0.0,0.0,0.0,0.0,0.0,0.0,0.0,0.0,0.0,0.0,0.0,0.0,0.0,0.0,0.0,0.0,0.0,1.0,1.0,0.5,1.0,1.0,0.9,1.0,1.0,0.5,1.0,1.0,0.9,0.8660659830736148
nvbench-v1:1968,35,qwen3:14b,direct,69,0.0,1.0,5,5,1.0,1.0,1.0,5.121094200061634,1,1,single_gold,arc,0.0,0.0,0.0,0.0,0.0,0.0,0.0,0.0,0.0,0.0,0.0,0.0,0.0,0.0,0.0,0.0,0.0,0.0,0.0,0.0,0.0,0.0,0.0,0.0,0.0,0.0,1.0,0.8,0.4,0.0,1.0,0.64,1.0,0.8,0.4,0.0,1.0,0.64,1.6462107011362668
nvbench-v1:2069,36,qwen3:14b,direct,69,0.0,1.0,5,4,1.0,1.0,0.0,3.4371910999761894,1,1,single_gold,arc,0.0,0.0,0.0,0.0,0.0,0.0,0.0,0.0,0.0,0.0,0.0,0.0,0.0,0.0,0.0,0.0,0.0,0.0,0.0,0.0,0.0,0.0,0.0,0.0,0.0,0.0,1.0,1.0,1.0,0.0,1.0,0.8,1.0,1.0,1.0,0.0,1.0,0.8,2.076592900013498
nvbench-v1:2168,37,qwen3:14b,direct,69,0.0,1.0,5,0,1.0,0.0,0.0,3.320978600066155,1,1,single_gold,arc,0.0,0.0,0.0,0.0,0.0,0.0,0.0,0.0,0.0,0.0,0.0,0.0,0.0,0.0,0.0,0.0,0.0,0.0,0.0,0.0,0.0,0.0,0.0,0.0,0.0,0.0,1.0,1.0,0.5,1.0,1.0,0.9,1.0,1.0,0.5,1.0,1.0,0.9,1.213822643139908
nvbench-v1:2418,38,qwen3:14b,direct,69,0.0,1.0,5,0,1.0,0.0,0.0,3.1185772999888286,1,1,single_gold,arc,0.0,0.0,0.0,0.0,0.0,0.0,0.0,0.0,0.0,0.0,0.0,0.0,0.0,0.0,0.0,0.0,0.0,0.0,0.0,0.0,0.0,0.0,0.0,0.0,0.0,0.0,1.0,1.0,1.0,0.0,1.0,0.8,1.0,1.0,1.0,0.0,1.0,0.8,1.7459537733666037
nvbench-v1:2435,39,qwen3:14b,direct,69,0.0,1.0,5,5,1.0,1.0,1.0,4.42259810003452,1,1,single_gold,arc,0.0,0.0,0.0,0.0,0.0,0.0,0.0,0.0,0.0,0.0,0.0,0.0,0.0,0.0,0.0,0.0,0.0,0.0,0.0,0.0,0.0,0.0,0.0,0.0,0.0,0.0,1.0,0.6666666666666666,0.3333333333333333,0.0,1.0,0.6,1.0,0.6666666666666666,0.3333333333333333,0.0,1.0,0.6,0.8634732265766911
nvbench-v1:2472,40,qwen3:14b,direct,69,0.0,1.0,3,3,1.0,1.0,1.0,2.680108300060965,1,1,single_gold,arc,0.0,0.0,0.0,0.0,0.0,0.0,0.0,0.0,0.0,0.0,0.0,0.0,0.0,0.0,0.0,0.0,0.0,0.0,0.0,0.0,0.0,0.0,0.0,0.0,0.0,0.0,1.0,0.8,0.4,0.0,1.0,0.64,1.0,0.8,0.4,0.0,1.0,0.64,0.7264965532942779
nvbench-v1:2559,41,qwen3:14b,direct,69,0.0,1.0,3,3,1.0,1.0,1.0,2.739649399998598,1,1,single_gold,arc,0.0,0.0,0.0,0.0,0.0,0.0,0.0,0.0,0.0,0.0,0.0,0.0,0.0,0.0,0.0,0.0,0.0,0.0,0.0,0.0,0.0,0.0,0.0,0.0,0.0,0.0,1.0,0.8,0.4,0.0,1.0,0.64,1.0,0.8,0.4,0.0,1.0,0.64,1.189760217883657
nvbench-v1:2639,42,qwen3:14b,direct,69,0.0,1.0,5,0,1.0,0.0,0.0,3.5961477999808267,1,1,single_gold,arc,0.0,0.0,0.0,0.0,0.0,0.0,0.0,0.0,0.0,0.0,0.0,0.0,0.0,0.0,0.0,0.0,0.0,0.0,0.0,0.0,0.0,0.0,0.0,0.0,0.0,0.0,1.0,1.0,0.5,1.0,1.0,0.9,1.0,1.0,0.5,1.0,1.0,0.9,1.213822643139908
nvbench-v1:3147,43,qwen3:14b,direct,69,0.0,1.0,5,0,1.0,0.0,0.0,3.5018572999397293,1,1,single_gold,arc,0.0,0.0,0.0,0.0,0.0,0.0,0.0,0.0,0.0,0.0,0.0,0.0,0.0,0.0,0.0,0.0,0.0,0.0,0.0,0.0,0.0,0.0,0.0,0.0,0.0,0.0,1.0,1.0,0.5,0.0,1.0,0.7,1.0,1.0,0.5,0.0,1.0,0.7,1.239775413226062
nvbench-v1:374,44,qwen3:14b,direct,69,0.0,1.0,3,0,1.0,0.0,0.0,2.093948599998839,1,1,single_gold,arc,0.0,0.0,0.0,0.0,0.0,0.0,0.0,0.0,0.0,0.0,0.0,0.0,0.0,0.0,0.0,0.0,0.0,0.0,0.0,0.0,0.0,0.0,0.0,0.0,0.0,0.0,1.0,1.0,0.0,0.0,1.0,0.6,1.0,1.0,0.5,0.0,1.0,0.7,1.1675935047358705
nvbench-v1:1097,45,qwen3:14b,direct,69,0.0,1.0,3,0,1.0,0.0,0.0,2.679379500099458,1,1,single_gold,line,0.0,0.0,0.0,0.0,0.0,0.0,0.0,0.0,0.0,0.0,0.0,0.0,0.0,0.0,0.0,0.0,0.0,0.0,0.0,0.0,0.0,0.0,0.0,0.0,0.0,0.0,1.0,1.0,0.5,0.6666666666666666,1.0,0.8333333333333333,1.0,1.0,0.5,0.6666666666666666,1.0,0.8333333333333333,1.4051034459635037
nvbench-v1:1356,46,qwen3:14b,direct,69,0.0,1.0,1,0,1.0,0.0,0.0,1.2106200000271201,1,1,single_gold,line,0.0,0.0,0.0,0.0,0.0,0.0,0.0,0.0,0.0,0.0,0.0,0.0,0.0,0.0,0.0,0.0,0.0,0.0,0.0,0.0,0.0,0.0,0.0,0.0,0.0,0.0,1.0,1.0,0.0,0.6666666666666666,1.0,0.7333333333333333,1.0,1.0,0.0,0.6666666666666666,1.0,0.7333333333333333,0.6624757922855755
nvbench-v1:1358,47,qwen3:14b,direct,69,0.0,1.0,1,1,1.0,1.0,1.0,7.56286830001045,1,1,single_gold,line,0.0,0.0,0.0,0.0,0.0,0.0,0.0,0.0,0.0,0.0,0.0,0.0,0.0,0.0,0.0,0.0,0.0,0.0,0.0,0.0,0.0,0.0,0.0,0.0,0.0,0.0,1.0,1.0,1.0,0.4,1.0,0.8800000000000001,1.0,1.0,1.0,0.4,1.0,0.8800000000000001,0.8403753012497504
nvbench-v1:1360,48,qwen3:14b,direct,69,0.0,1.0,1,1,1.0,1.0,1.0,1.4963520999299362,1,1,single_gold,line,0.0,0.0,0.0,0.0,0.0,0.0,0.0,0.0,0.0,0.0,0.0,0.0,0.0,0.0,0.0,0.0,0.0,0.0,0.0,0.0,0.0,0.0,0.0,0.0,0.0,0.0,1.0,1.0,1.0,0.4,1.0,0.8800000000000001,1.0,1.0,1.0,0.4,1.0,0.8800000000000001,0.8403753012497504
nvbench-v1:1495,49,qwen3:14b,direct,69,0.0,1.0,5,0,1.0,0.0,0.0,3.6147528999717906,1,1,single_gold,line,0.0,0.0,0.0,0.0,0.0,0.0,0.0,0.0,0.0,0.0,0.0,0.0,0.0,0.0,0.0,0.0,0.0,0.0,0.0,0.0,0.0,0.0,0.0,0.0,0.0,0.0,1.0,1.0,0.5,1.0,1.0,0.9,1.0,1.0,0.5,1.0,1.0,0.9,2.553560145344645
nvbench-v1:169,50,qwen3:14b,direct,69,0.0,1.0,5,5,1.0,1.0,1.0,4.9661729000508785,1,1,single_gold,line,0.0,0.0,0.0,0.0,0.0,0.0,0.0,0.0,0.0,0.0,0.0,0.0,0.0,0.0,0.0,0.0,0.0,0.0,0.0,0.0,0.0,0.0,0.0,0.0,0.0,0.0,1.0,0.8,0.8,0.6666666666666666,1.0,0.8533333333333333,1.0,1.0,1.0,0.6666666666666666,1.0,0.9333333333333332,2.2202827693593674
nvbench-v1:2021,51,qwen3:14b,direct,69,0.0,1.0,5,0,1.0,0.0,0.0,4.820553599973209,1,1,single_gold,line,0.0,0.0,0.0,0.0,0.0,0.0,0.0,0.0,0.0,0.0,0.0,0.0,0.0,0.0,0.0,0.0,0.0,0.0,0.0,0.0,0.0,0.0,0.0,0.0,0.0,0.0,1.0,1.0,0.0,0.5,1.0,0.7,1.0,1.0,0.5,0.5,1.0,0.8,1.7200934848409788
nvbench-v1:2603,52,qwen3:14b,direct,69,0.0,1.0,5,0,1.0,0.0,0.0,5.493092200020328,1,1,single_gold,line,0.0,0.0,0.0,0.0,0.0,0.0,0.0,0.0,0.0,0.0,0.0,0.0,0.0,0.0,0.0,0.0,0.0,0.0,0.0,0.0,0.0,0.0,0.0,0.0,0.0,0.0,1.0,1.0,0.5,0.5,1.0,0.8,1.0,1.0,0.5,0.5,1.0,0.8,2.185106374712705
nvbench-v1:2782,53,qwen3:14b,direct,69,0.0,1.0,5,0,1.0,0.0,0.0,6.875340300030075,1,1,single_gold,line,0.0,0.0,0.0,0.0,0.0,0.0,0.0,0.0,0.0,0.0,0.0,0.0,0.0,0.0,0.0,0.0,0.0,0.0,0.0,0.0,0.0,0.0,0.0,0.0,0.0,0.0,0.0,1.0,0.5,0.6666666666666666,1.0,0.6333333333333333,0.0,1.0,0.5,0.6666666666666666,1.0,0.6333333333333333,1.6250277988512858
nvbench-v1:415,54,qwen3:14b,direct,69,0.0,1.0,1,1,1.0,1.0,1.0,4.132205000030808,1,1,single_gold,line,0.0,0.0,0.0,0.0,0.0,0.0,0.0,0.0,0.0,0.0,0.0,0.0,0.0,0.0,0.0,0.0,0.0,0.0,0.0,0.0,0.0,0.0,0.0,0.0,0.0,0.0,1.0,1.0,1.0,1.0,1.0,1.0,1.0,1.0,1.0,1.0,1.0,1.0,1.0
nvbench-v1:642,55,qwen3:14b,direct,69,0.0,1.0,3,3,1.0,1.0,1.0,2.648441500030458,1,1,single_gold,line,0.0,0.0,0.0,0.0,0.0,0.0,0.0,0.0,0.0,0.0,0.0,0.0,0.0,0.0,0.0,0.0,0.0,0.0,0.0,0.0,0.0,0.0,0.0,0.0,0.0,0.0,1.0,1.0,1.0,0.6666666666666666,1.0,0.9333333333333332,1.0,1.0,1.0,0.6666666666666666,1.0,0.9333333333333332,1.658896792337415
nvbench-v1:729,56,qwen3:14b,direct,69,0.0,1.0,5,5,1.0,1.0,1.0,6.061270999955013,1,1,single_gold,line,0.0,0.0,0.0,0.0,0.0,0.0,0.0,0.0,0.0,0.0,0.0,0.0,0.0,0.0,0.0,0.0,0.0,0.0,0.0,0.0,0.0,0.0,0.0,0.0,0.0,0.0,1.0,0.8,0.8,0.5,1.0,0.82,1.0,0.8,0.8,0.6666666666666666,1.0,0.8533333333333333,2.3371702924745685
nvbench-v1:773,57,qwen3:14b,direct,69,0.0,1.0,5,0,1.0,0.0,0.0,4.960542800021358,1,1,single_gold,line,0.0,0.0,0.0,0.0,0.0,0.0,0.0,0.0,0.0,0.0,0.0,0.0,0.0,0.0,0.0,0.0,0.0,0.0,0.0,0.0,0.0,0.0,0.0,0.0,0.0,0.0,1.0,1.0,0.5,0.6666666666666666,1.0,0.8333333333333333,1.0,1.0,0.5,0.6666666666666666,1.0,0.8333333333333333,2.3050977801182975
nvbench-v1:798,58,qwen3:14b,direct,69,0.0,1.0,2,0,1.0,0.0,0.0,2.1121572999982163,1,1,single_gold,line,0.0,0.0,0.0,0.0,0.0,0.0,0.0,0.0,0.0,0.0,0.0,0.0,0.0,0.0,0.0,0.0,0.0,0.0,0.0,0.0,0.0,0.0,0.0,0.0,0.0,0.0,1.0,1.0,0.5,0.6666666666666666,1.0,0.8333333333333333,1.0,1.0,0.5,0.6666666666666666,1.0,0.8333333333333333,1.1997731246544727
nvbench-v1:997,59,qwen3:14b,direct,69,0.0,1.0,5,0,1.0,0.0,0.0,4.95185670000501,1,1,single_gold,line,0.0,0.0,0.0,0.0,0.0,0.0,0.0,0.0,0.0,0.0,0.0,0.0,0.0,0.0,0.0,0.0,0.0,0.0,0.0,0.0,0.0,0.0,0.0,0.0,0.0,0.0,1.0,1.0,0.5,0.6666666666666666,1.0,0.8333333333333333,1.0,1.0,0.5,0.6666666666666666,1.0,0.8333333333333333,2.3050977801182975
nvbench-v1:1350,60,qwen3:14b,direct,69,0.0,1.0,1,1,1.0,1.0,1.0,8.171567399986088,1,1,single_gold,line,0.0,0.0,0.0,0.0,0.0,0.0,0.0,0.0,0.0,0.0,0.0,0.0,0.0,0.0,0.0,0.0,0.0,0.0,0.0,0.0,0.0,0.0,0.0,0.0,0.0,0.0,1.0,1.0,1.0,0.5,1.0,0.9,1.0,1.0,1.0,0.5,1.0,0.9,0.8660659830736148
nvbench-v1:1352,61,qwen3:14b,direct,69,0.0,1.0,2,2,1.0,1.0,1.0,2.9397624999983236,1,1,single_gold,line,0.0,0.0,0.0,0.0,0.0,0.0,0.0,0.0,0.0,0.0,0.0,0.0,0.0,0.0,0.0,0.0,0.0,0.0,0.0,0.0,0.0,0.0,0.0,0.0,0.0,0.0,1.0,1.0,1.0,0.6666666666666666,1.0,0.9333333333333332,1.0,1.0,1.0,0.6666666666666666,1.0,0.9333333333333332,1.4836294099593241
nvbench-v1:1353,62,qwen3:14b,direct,69,0.0,1.0,5,5,1.0,1.0,1.0,5.800475200056098,1,1,single_gold,line,0.0,0.0,0.0,0.0,0.0,0.0,0.0,0.0,0.0,0.0,0.0,0.0,0.0,0.0,0.0,0.0,0.0,0.0,0.0,0.0,0.0,0.0,0.0,0.0,0.0,0.0,1.0,1.0,1.0,0.5,1.0,0.9,1.0,1.0,1.0,0.5,1.0,0.9,2.5436216329613135
nvbench-v1:1387,63,qwen3:14b,direct,69,0.0,1.0,5,0,1.0,0.0,0.0,6.280781299923547,1,1,single_gold,line,0.0,0.0,0.0,0.0,0.0,0.0,0.0,0.0,0.0,0.0,0.0,0.0,0.0,0.0,0.0,0.0,0.0,0.0,0.0,0.0,0.0,0.0,0.0,0.0,0.0,0.0,1.0,1.0,0.6666666666666666,0.6666666666666666,1.0,0.8666666666666666,1.0,1.0,0.6666666666666666,0.6666666666666666,1.0,0.8666666666666666,2.2674502252368907
nvbench-v1:1482,64,qwen3:14b,direct,69,0.0,1.0,4,0,1.0,0.0,0.0,5.795134900021367,1,1,single_gold,line,0.0,0.0,0.0,0.0,0.0,0.0,0.0,0.0,0.0,0.0,0.0,0.0,0.0,0.0,0.0,0.0,0.0,0.0,0.0,0.0,0.0,0.0,0.0,0.0,0.0,0.0,1.0,1.0,0.6666666666666666,1.0,1.0,0.9333333333333332,1.0,1.0,0.6666666666666666,1.0,1.0,0.9333333333333332,1.6544413325126013
nvbench-v1:1484,65,qwen3:14b,direct,69,0.0,1.0,5,0,1.0,0.0,0.0,5.046804199926555,1,1,single_gold,line,0.0,0.0,0.0,0.0,0.0,0.0,0.0,0.0,0.0,0.0,0.0,0.0,0.0,0.0,0.0,0.0,0.0,0.0,0.0,0.0,0.0,0.0,0.0,0.0,0.0,0.0,1.0,1.0,0.6666666666666666,1.0,1.0,0.9333333333333332,1.0,1.0,0.6666666666666666,1.0,1.0,0.9333333333333332,2.3534921728256926
nvbench-v1:1489,66,qwen3:14b,direct,69,0.0,1.0,5,0,1.0,0.0,0.0,5.356815099949017,1,1,single_gold,line,0.0,0.0,0.0,0.0,0.0,0.0,0.0,0.0,0.0,0.0,0.0,0.0,0.0,0.0,0.0,0.0,0.0,0.0,0.0,0.0,0.0,0.0,0.0,0.0,0.0,0.0,1.0,1.0,0.6666666666666666,1.0,1.0,0.9333333333333332,1.0,1.0,0.6666666666666666,1.0,1.0,0.9333333333333332,2.2979943632562185
nvbench-v1:2781,67,qwen3:14b,direct,69,0.0,1.0,1,1,1.0,1.0,1.0,9.311287700082175,1,1,single_gold,line,0.0,0.0,0.0,0.0,0.0,0.0,0.0,0.0,0.0,0.0,0.0,0.0,0.0,0.0,0.0,0.0,0.0,0.0,0.0,0.0,0.0,0.0,0.0,0.0,0.0,0.0,0.0,0.8571428571428571,0.28571428571428575,0.0,1.0,0.42857142857142855,0.0,0.8571428571428571,0.28571428571428575,0.0,1.0,0.42857142857142855,0.34590019263235616
nvbench-v1:647,68,qwen3:14b,direct,69,0.0,1.0,5,0,1.0,0.0,0.0,4.232280800002627,1,1,single_gold,line,0.0,0.0,0.0,0.0,0.0,0.0,0.0,0.0,0.0,0.0,0.0,0.0,0.0,0.0,0.0,0.0,0.0,0.0,0.0,0.0,0.0,0.0,0.0,0.0,0.0,0.0,1.0,1.0,0.6666666666666666,1.0,1.0,0.9333333333333332,1.0,1.0,0.6666666666666666,1.0,1.0,0.9333333333333332,2.6821637493907926
nvbench-v1:776,69,qwen3:14b,direct,69,0.0,1.0,5,0,1.0,0.0,0.0,9.48497920006048,1,1,single_gold,line,0.0,0.0,0.0,0.0,0.0,0.0,0.0,0.0,0.0,0.0,0.0,0.0,0.0,0.0,0.0,0.0,0.0,0.0,0.0,0.0,0.0,0.0,0.0,0.0,0.0,0.0,1.0,1.0,0.6666666666666666,0.5,1.0,0.8333333333333333,1.0,1.0,0.6666666666666666,0.5,1.0,0.8333333333333333,1.9961028008093673
nvbench-v1:778,70,qwen3:14b,direct,69,0.0,1.0,5,0,1.0,0.0,0.0,5.829260099912062,1,1,single_gold,line,0.0,0.0,0.0,0.0,0.0,0.0,0.0,0.0,0.0,0.0,0.0,0.0,0.0,0.0,0.0,0.0,0.0,0.0,0.0,0.0,0.0,0.0,0.0,0.0,0.0,0.0,1.0,1.0,0.6666666666666666,1.0,1.0,0.9333333333333332,1.0,1.0,0.6666666666666666,1.0,1.0,0.9333333333333332,2.5141320823787803
nvbench-v1:779,71,qwen3:14b,direct,69,0.0,1.0,5,5,1.0,1.0,1.0,6.686680100043304,1,1,single_gold,line,0.0,0.0,0.0,0.0,0.0,0.0,0.0,0.0,0.0,0.0,0.0,0.0,0.0,0.0,0.0,0.0,0.0,0.0,0.0,0.0,0.0,0.0,0.0,0.0,0.0,0.0,1.0,1.0,1.0,0.5,1.0,0.9,1.0,1.0,1.0,0.5,1.0,0.9,2.2647013103275553
nvbench-v1:848,72,qwen3:14b,direct,69,0.0,1.0,5,0,1.0,0.0,0.0,7.541939499904402,1,1,single_gold,line,0.0,0.0,0.0,0.0,0.0,0.0,0.0,0.0,0.0,0.0,0.0,0.0,0.0,0.0,0.0,0.0,0.0,0.0,0.0,0.0,0.0,0.0,0.0,0.0,0.0,0.0,1.0,1.0,0.3333333333333333,0.6666666666666666,1.0,0.8,1.0,1.0,0.6666666666666666,0.6666666666666666,1.0,0.8666666666666666,2.2689145097658368
nvbench-v1:850,73,qwen3:14b,direct,69,0.0,1.0,5,5,1.0,1.0,1.0,7.9106563000241295,1,1,single_gold,line,0.0,0.0,0.0,0.0,0.0,0.0,0.0,0.0,0.0,0.0,0.0,0.0,0.0,0.0,0.0,0.0,0.0,0.0,0.0,0.0,0.0,0.0,0.0,0.0,0.0,0.0,1.0,1.0,1.0,0.5,1.0,0.9,1.0,1.0,1.0,0.5,1.0,0.9,2.190789018124909
nvbench-v1:942,74,qwen3:14b,direct,69,0.0,1.0,3,0,1.0,0.0,0.0,4.580695300013758,1,1,single_gold,line,0.0,0.0,0.0,0.0,0.0,0.0,0.0,0.0,0.0,0.0,0.0,0.0,0.0,0.0,0.0,0.0,0.0,0.0,0.0,0.0,0.0,0.0,0.0,0.0,0.0,0.0,1.0,1.0,0.6666666666666666,0.6666666666666666,1.0,0.8666666666666666,1.0,1.0,0.6666666666666666,0.6666666666666666,1.0,0.8666666666666666,1.6615782915849344
nvbench-v1:1029,75,qwen3:14b,direct,69,0.0,1.0,3,0,1.0,0.0,0.0,3.162883299984969,1,1,single_gold,point,0.0,0.0,0.0,0.0,0.0,0.0,0.0,0.0,0.0,0.0,0.0,0.0,0.0,0.0,0.0,0.0,0.0,0.0,0.0,0.0,0.0,0.0,0.0,0.0,0.0,0.0,1.0,1.0,0.5,1.0,1.0,0.9,1.0,1.0,0.5,1.0,1.0,0.9,1.5392492177043882
nvbench-v1:1449,76,qwen3:14b,direct,69,0.0,1.0,5,0,1.0,0.0,0.0,4.8975242000306025,1,1,single_gold,point,0.0,0.0,0.0,0.0,0.0,0.0,0.0,0.0,0.0,0.0,0.0,0.0,0.0,0.0,0.0,0.0,0.0,0.0,0.0,0.0,0.0,0.0,0.0,0.0,0.0,0.0,0.0,1.0,0.5,1.0,1.0,0.7,0.0,1.0,0.5,1.0,1.0,0.7,1.643062936302913
nvbench-v1:2148,77,qwen3:14b,direct,69,0.0,1.0,3,0,1.0,0.0,0.0,2.792628200026229,1,1,single_gold,point,0.0,0.0,0.0,0.0,0.0,0.0,0.0,0.0,0.0,0.0,0.0,0.0,0.0,0.0,0.0,0.0,0.0,0.0,0.0,0.0,0.0,0.0,0.0,0.0,0.0,0.0,1.0,1.0,0.5,1.0,1.0,0.9,1.0,1.0,0.5,1.0,1.0,0.9,1.5723370344001237
nvbench-v1:2272,78,qwen3:14b,direct,69,0.0,1.0,5,4,1.0,1.0,0.0,3.7823962999973446,1,1,single_gold,point,0.0,0.0,0.0,0.0,0.0,0.0,0.0,0.0,0.0,0.0,0.0,0.0,0.0,0.0,0.0,0.0,0.0,0.0,0.0,0.0,0.0,0.0,0.0,0.0,0.0,0.0,0.0,1.0,1.0,0.0,1.0,0.6,1.0,1.0,1.0,0.0,1.0,0.8,1.6176370598636904
nvbench-v1:2871,79,qwen3:14b,direct,69,0.0,1.0,3,0,1.0,0.0,0.0,2.3932738000294194,1,1,single_gold,point,0.0,0.0,0.0,0.0,0.0,0.0,0.0,0.0,0.0,0.0,0.0,0.0,0.0,0.0,0.0,0.0,0.0,0.0,0.0,0.0,0.0,0.0,0.0,0.0,0.0,0.0,1.0,1.0,0.5,1.0,1.0,0.9,1.0,1.0,0.5,1.0,1.0,0.9,1.84552577188768
nvbench-v1:2878,80,qwen3:14b,direct,69,0.0,1.0,5,3,1.0,1.0,0.0,4.139829799998552,1,1,single_gold,point,0.0,0.0,0.0,0.0,0.0,0.0,0.0,0.0,0.0,0.0,0.0,0.0,0.0,0.0,0.0,0.0,0.0,0.0,0.0,0.0,0.0,0.0,0.0,0.0,0.0,0.0,1.0,1.0,0.5,0.0,1.0,0.7,1.0,1.0,0.5,1.0,1.0,0.9,2.0388102174959446
nvbench-v1:3,81,qwen3:14b,direct,69,0.0,1.0,5,0,1.0,0.0,0.0,4.393100299988873,1,1,single_gold,point,0.0,0.0,0.0,0.0,0.0,0.0,0.0,0.0,0.0,0.0,0.0,0.0,0.0,0.0,0.0,0.0,0.0,0.0,0.0,0.0,0.0,0.0,0.0,0.0,0.0,0.0,1.0,1.0,0.5,1.0,1.0,0.9,1.0,1.0,0.5,1.0,1.0,0.9,2.553560145344645
nvbench-v1:353,82,qwen3:14b,direct,69,0.0,1.0,5,5,1.0,1.0,1.0,4.531790200038813,1,1,single_gold,point,0.0,0.0,0.0,0.0,0.0,0.0,0.0,0.0,0.0,0.0,0.0,0.0,0.0,0.0,0.0,0.0,0.0,0.0,0.0,0.0,0.0,0.0,0.0,0.0,0.0,0.0,1.0,1.0,1.0,1.0,1.0,1.0,1.0,1.0,1.0,1.0,1.0,1.0,2.444005248120457
nvbench-v1:410,83,qwen3:14b,direct,69,0.0,1.0,5,0,1.0,0.0,0.0,4.403489600052126,1,1,single_gold,point,0.0,0.0,0.0,0.0,0.0,0.0,0.0,0.0,0.0,0.0,0.0,0.0,0.0,0.0,0.0,0.0,0.0,0.0,0.0,0.0,0.0,0.0,0.0,0.0,0.0,0.0,1.0,0.8,0.0,1.0,1.0,0.76,1.0,0.8,0.0,1.0,1.0,0.76,2.044728756327953
nvbench-v1:674,84,qwen3:14b,direct,69,0.0,1.0,5,4,1.0,1.0,0.0,4.604892800096422,1,1,single_gold,point,0.0,0.0,0.0,0.0,0.0,0.0,0.0,0.0,0.0,0.0,0.0,0.0,0.0,0.0,0.0,0.0,0.0,0.0,0.0,0.0,0.0,0.0,0.0,0.0,0.0,0.0,1.0,1.0,1.0,1.0,1.0,1.0,1.0,1.0,1.0,1.0,1.0,1.0,2.444005248120457
nvbench-v1:831,85,qwen3:14b,direct,69,0.0,1.0,1,0,1.0,0.0,0.0,1.186101600062102,1,1,single_gold,point,0.0,0.0,0.0,0.0,0.0,0.0,0.0,0.0,0.0,0.0,0.0,0.0,0.0,0.0,0.0,0.0,0.0,0.0,0.0,0.0,0.0,0.0,0.0,0.0,0.0,0.0,1.0,1.0,0.5,1.0,1.0,0.9,1.0,1.0,0.5,1.0,1.0,0.9,0.8660659830736148
nvbench-v1:925,86,qwen3:14b,direct,69,0.0,1.0,2,0,1.0,0.0,0.0,1.9487791999708861,1,1,single_gold,point,0.0,0.0,0.0,0.0,0.0,0.0,0.0,0.0,0.0,0.0,0.0,0.0,0.0,0.0,0.0,0.0,0.0,0.0,0.0,0.0,0.0,0.0,0.0,0.0,0.0,0.0,0.0,1.0,0.5,1.0,1.0,0.7,1.0,1.0,0.5,1.0,1.0,0.9,1.1709315899897288
nvbench-v1:956,87,qwen3:14b,direct,69,0.0,1.0,2,2,1.0,1.0,1.0,1.888537999941036,1,1,single_gold,point,0.0,0.0,0.0,0.0,0.0,0.0,0.0,0.0,0.0,0.0,0.0,0.0,0.0,0.0,0.0,0.0,0.0,0.0,0.0,0.0,0.0,0.0,0.0,0.0,0.0,0.0,1.0,1.0,1.0,1.0,1.0,1.0,1.0,1.0,1.0,1.0,1.0,1.0,1.4675827511723767
nvbench-v1:964,88,qwen3:14b,direct,69,0.0,1.0,1,0,1.0,0.0,0.0,1.9404663000022992,1,1,single_gold,point,0.0,0.0,0.0,0.0,0.0,0.0,0.0,0.0,0.0,0.0,0.0,0.0,0.0,0.0,0.0,0.0,0.0,0.0,0.0,0.0,0.0,0.0,0.0,0.0,0.0,0.0,1.0,1.0,0.5,1.0,1.0,0.9,1.0,1.0,0.5,1.0,1.0,0.9,0.8660659830736148
nvbench-v1:968,89,qwen3:14b,direct,69,0.0,1.0,5,0,1.0,0.0,0.0,4.197206300101243,1,1,single_gold,point,0.0,0.0,0.0,0.0,0.0,0.0,0.0,0.0,0.0,0.0,0.0,0.0,0.0,0.0,0.0,0.0,0.0,0.0,0.0,0.0,0.0,0.0,0.0,0.0,0.0,0.0,1.0,1.0,0.5,1.0,1.0,0.9,1.0,1.0,0.5,1.0,1.0,0.9,2.500392611882753
nvbench-v1:1292,90,qwen3:14b,direct,69,0.0,1.0,5,0,1.0,0.0,0.0,4.372172700008377,1,1,single_gold,point,0.0,0.0,0.0,0.0,0.0,0.0,0.0,0.0,0.0,0.0,0.0,0.0,0.0,0.0,0.0,0.0,0.0,0.0,0.0,0.0,0.0,0.0,0.0,0.0,0.0,0.0,1.0,0.8,0.4,1.0,1.0,0.8400000000000001,1.0,0.8,0.4,1.0,1.0,0.8400000000000001,2.2269223522915857
nvbench-v1:2064,91,qwen3:14b,direct,69,0.0,1.0,5,0,1.0,0.0,0.0,6.32544849999249,1,1,single_gold,point,0.0,0.0,0.0,0.0,0.0,0.0,0.0,0.0,0.0,0.0,0.0,0.0,0.0,0.0,0.0,0.0,0.0,0.0,0.0,0.0,0.0,0.0,0.0,0.0,0.0,0.0,1.0,1.0,0.6666666666666666,1.0,1.0,0.9333333333333332,1.0,1.0,0.6666666666666666,1.0,1.0,0.9333333333333332,2.5151589320451775
nvbench-v1:2275,92,qwen3:14b,direct,69,0.0,1.0,4,4,1.0,1.0,1.0,6.533260099939071,1,1,single_gold,point,0.0,0.0,0.0,0.0,0.0,0.0,0.0,0.0,0.0,0.0,0.0,0.0,0.0,0.0,0.0,0.0,0.0,0.0,0.0,0.0,0.0,0.0,0.0,0.0,0.0,0.0,1.0,0.8571428571428571,0.8571428571428571,0.0,1.0,0.7428571428571429,1.0,0.8571428571428571,0.8571428571428571,1.0,1.0,0.9428571428571428,1.8822114963617618
nvbench-v1:2297,93,qwen3:14b,direct,69,0.0,1.0,5,5,1.0,1.0,1.0,4.962977500050329,1,1,single_gold,point,0.0,0.0,0.0,0.0,0.0,0.0,0.0,0.0,0.0,0.0,0.0,0.0,0.0,0.0,0.0,0.0,0.0,0.0,0.0,0.0,0.0,0.0,0.0,0.0,0.0,0.0,1.0,1.0,1.0,1.0,1.0,1.0,1.0,1.0,1.0,1.0,1.0,1.0,2.6809294915490844
nvbench-v1:2298,94,qwen3:14b,direct,69,0.0,1.0,5,5,1.0,1.0,1.0,5.075849400018342,1,1,single_gold,point,0.0,0.0,0.0,0.0,0.0,0.0,0.0,0.0,0.0,0.0,0.0,0.0,0.0,0.0,0.0,0.0,0.0,0.0,0.0,0.0,0.0,0.0,0.0,0.0,0.0,0.0,1.0,1.0,0.6666666666666666,1.0,1.0,0.9333333333333332,1.0,1.0,1.0,1.0,1.0,1.0,2.350707914644421
nvbench-v1:2299,95,qwen3:14b,direct,69,0.0,1.0,5,5,1.0,1.0,1.0,4.901727800024673,1,1,single_gold,point,0.0,0.0,0.0,0.0,0.0,0.0,0.0,0.0,0.0,0.0,0.0,0.0,0.0,0.0,0.0,0.0,0.0,0.0,0.0,0.0,0.0,0.0,0.0,0.0,0.0,0.0,0.0,1.0,1.0,1.0,1.0,0.8,1.0,1.0,1.0,1.0,1.0,1.0,1.9469541800860208
nvbench-v1:2302,96,qwen3:14b,direct,69,0.0,1.0,5,5,1.0,1.0,1.0,5.069585399935022,1,1,single_gold,point,0.0,0.0,0.0,0.0,0.0,0.0,0.0,0.0,0.0,0.0,0.0,0.0,0.0,0.0,0.0,0.0,0.0,0.0,0.0,0.0,0.0,0.0,0.0,0.0,0.0,0.0,1.0,1.0,1.0,1.0,1.0,1.0,1.0,1.0,1.0,1.0,1.0,1.0,2.7724805415699594
nvbench-v1:3074,97,qwen3:14b,direct,69,0.0,1.0,5,5,1.0,1.0,1.0,5.607126999995671,1,1,single_gold,point,0.0,0.0,0.0,0.0,0.0,0.0,0.0,0.0,0.0,0.0,0.0,0.0,0.0,0.0,0.0,0.0,0.0,0.0,0.0,0.0,0.0,0.0,0.0,0.0,0.0,0.0,1.0,1.0,1.0,1.0,1.0,1.0,1.0,1.0,1.0,1.0,1.0,1.0,2.7656843445788075
nvbench-v1:3094,98,qwen3:14b,direct,69,0.0,1.0,5,4,1.0,1.0,0.0,6.198546200059354,1,1,single_gold,point,0.0,0.0,0.0,0.0,0.0,0.0,0.0,0.0,0.0,0.0,0.0,0.0,0.0,0.0,0.0,0.0,0.0,0.0,0.0,0.0,0.0,0.0,0.0,0.0,0.0,0.0,1.0,1.0,1.0,1.0,1.0,1.0,1.0,1.0,1.0,1.0,1.0,1.0,2.444005248120457
nvbench-v1:3165,99,qwen3:14b,direct,69,0.0,1.0,5,4,1.0,1.0,0.0,6.736901600030251,1,1,single_gold,point,0.0,0.0,0.0,0.0,0.0,0.0,0.0,0.0,0.0,0.0,0.0,0.0,0.0,0.0,0.0,0.0,0.0,0.0,0.0,0.0,0.0,0.0,0.0,0.0,0.0,0.0,1.0,1.0,1.0,1.0,1.0,1.0,1.0,1.0,1.0,1.0,1.0,1.0,2.444005248120457
nvbench-v1:3166,100,qwen3:14b,direct,69,0.0,1.0,5,5,1.0,1.0,1.0,5.834175999974832,1,1,single_gold,point,0.0,0.0,0.0,0.0,0.0,0.0,0.0,0.0,0.0,0.0,0.0,0.0,0.0,0.0,0.0,0.0,0.0,0.0,0.0,0.0,0.0,0.0,0.0,0.0,0.0,0.0,0.0,1.0,1.0,1.0,1.0,0.8,1.0,1.0,1.0,1.0,1.0,1.0,1.793658933826566
nvbench-v1:3169,101,qwen3:14b,direct,69,0.0,1.0,5,5,1.0,1.0,1.0,6.57483769999817,1,1,single_gold,point,0.0,0.0,0.0,0.0,0.0,0.0,0.0,0.0,0.0,0.0,0.0,0.0,0.0,0.0,0.0,0.0,0.0,0.0,0.0,0.0,0.0,0.0,0.0,0.0,0.0,0.0,0.0,1.0,0.3333333333333333,0.0,1.0,0.4666666666666666,1.0,1.0,0.3333333333333333,0.0,1.0,0.6666666666666667,1.3132193265359806
nvbench-v1:3175,102,qwen3:14b,direct,69,0.0,1.0,5,5,1.0,1.0,1.0,5.728315000073053,1,1,single_gold,point,0.0,0.0,0.0,0.0,0.0,0.0,0.0,0.0,0.0,0.0,0.0,0.0,0.0,0.0,0.0,0.0,0.0,0.0,0.0,0.0,0.0,0.0,0.0,0.0,0.0,0.0,0.0,1.0,1.0,1.0,1.0,0.8,1.0,1.0,1.0,1.0,1.0,1.0,2.314555811416581
nvbench-v1:3186,103,qwen3:14b,direct,69,0.0,1.0,5,4,1.0,1.0,0.0,6.508965700049885,1,1,single_gold,point,0.0,0.0,0.0,0.0,0.0,0.0,0.0,0.0,0.0,0.0,0.0,0.0,0.0,0.0,0.0,0.0,0.0,0.0,0.0,0.0,0.0,0.0,0.0,0.0,0.0,0.0,1.0,1.0,1.0,1.0,1.0,1.0,1.0,1.0,1.0,1.0,1.0,1.0,2.444005248120457
nvbench-v1:386,104,qwen3:14b,direct,69,0.0,1.0,5,5,1.0,1.0,1.0,4.97995379997883,1,1,single_gold,point,0.0,0.0,0.0,0.0,0.0,0.0,0.0,0.0,0.0,0.0,0.0,0.0,0.0,0.0,0.0,0.0,0.0,0.0,0.0,0.0,0.0,0.0,0.0,0.0,0.0,0.0,1.0,1.0,1.0,1.0,1.0,1.0,1.0,1.0,1.0,1.0,1.0,1.0,2.1880804655164594
nvbench-v1:1080@y_name@ASC,0,qwen3:14b,staged,69,0.0,1.0,2,0,1.0,0.0,0.0,17.03523579996545,1,1,single_gold,bar,0.0,0.0,0.0,0.0,0.0,0.0,0.0,0.0,0.0,0.0,0.0,0.0,0.0,0.0,0.0,0.0,0.0,0.0,0.0,0.0,0.0,0.0,0.0,0.0,0.0,0.0,1.0,1.0,0.5,0.5,0.0,0.6,1.0,1.0,0.5,0.5,0.0,0.6,0.7770562273444104
nvbench-v1:1184@y_name@ASC,1,qwen3:14b,staged,69,0.0,1.0,1,1,1.0,1.0,1.0,13.714100899989717,1,1,single_gold,bar,0.0,0.0,0.0,0.0,0.0,0.0,0.0,0.0,0.0,0.0,0.0,0.0,0.0,0.0,0.0,0.0,0.0,0.0,0.0,0.0,0.0,0.0,0.0,0.0,0.0,0.0,1.0,1.0,1.0,0.4,1.0,0.8800000000000001,1.0,1.0,1.0,0.4,1.0,0.8800000000000001,0.8403753012497504
nvbench-v1:1345,2,qwen3:14b,staged,69,0.0,1.0,1,1,1.0,1.0,1.0,12.106467099976726,1,1,single_gold,bar,1.0,1.0,1.0,1.0,1.0,1.0,1.0,1.0,1.0,1.0,1.0,1.0,1.0,1.0,1.0,1.0,1.0,1.0,1.0,1.0,1.0,1.0,1.0,1.0,1.0,1.0,1.0,1.0,1.0,1.0,1.0,1.0,1.0,1.0,1.0,1.0,1.0,1.0,1.0
nvbench-v1:1380@y_name@ASC,3,qwen3:14b,staged,69,0.0,1.0,1,1,1.0,1.0,1.0,13.877450300031342,1,1,single_gold,bar,0.0,0.0,0.0,0.0,0.0,0.0,0.0,0.0,0.0,0.0,0.0,0.0,0.0,0.0,0.0,0.0,0.0,0.0,0.0,0.0,0.0,0.0,0.0,0.0,0.0,0.0,1.0,1.0,1.0,0.5,1.0,0.9,1.0,1.0,1.0,0.5,1.0,0.9,0.8660659830736148
nvbench-v1:2109@y_name@DESC,4,qwen3:14b,staged,69,0.0,1.0,1,0,1.0,0.0,0.0,13.08909380005207,1,1,single_gold,bar,0.0,0.0,0.0,0.0,0.0,0.0,0.0,0.0,0.0,0.0,0.0,0.0,0.0,0.0,0.0,0.0,0.0,0.0,0.0,0.0,0.0,0.0,0.0,0.0,0.0,0.0,1.0,1.0,1.0,0.6666666666666666,1.0,0.9333333333333332,1.0,1.0,1.0,0.6666666666666666,1.0,0.9333333333333332,0.909683207820833
nvbench-v1:2235@y_name@DESC,5,qwen3:14b,staged,69,0.0,1.0,1,0,1.0,0.0,0.0,13.417886200011708,1,1,single_gold,bar,0.0,0.0,0.0,0.0,0.0,0.0,0.0,0.0,0.0,0.0,0.0,0.0,0.0,0.0,0.0,0.0,0.0,0.0,0.0,0.0,0.0,0.0,0.0,0.0,0.0,0.0,1.0,1.0,1.0,0.6666666666666666,1.0,0.9333333333333332,1.0,1.0,1.0,0.6666666666666666,1.0,0.9333333333333332,0.909683207820833
nvbench-v1:2519,6,qwen3:14b,staged,69,0.0,1.0,1,1,1.0,1.0,1.0,10.263677900074981,1,1,single_gold,bar,1.0,1.0,1.0,1.0,1.0,1.0,1.0,1.0,1.0,1.0,1.0,1.0,1.0,1.0,1.0,1.0,1.0,1.0,1.0,1.0,1.0,1.0,1.0,1.0,1.0,1.0,1.0,1.0,1.0,1.0,1.0,1.0,1.0,1.0,1.0,1.0,1.0,1.0,1.0
nvbench-v1:2765,7,qwen3:14b,staged,69,0.0,1.0,1,1,1.0,1.0,1.0,11.091374699957669,1,1,single_gold,bar,1.0,1.0,1.0,1.0,1.0,1.0,1.0,1.0,1.0,1.0,1.0,1.0,1.0,1.0,1.0,1.0,1.0,1.0,1.0,1.0,1.0,1.0,1.0,1.0,1.0,1.0,1.0,1.0,1.0,1.0,1.0,1.0,1.0,1.0,1.0,1.0,1.0,1.0,1.0
nvbench-v1:2912,8,qwen3:14b,staged,69,0.0,1.0,1,1,1.0,1.0,1.0,13.676111799897626,1,1,single_gold,bar,0.0,0.0,0.0,0.0,0.0,0.0,0.0,0.0,0.0,0.0,0.0,0.0,0.0,0.0,0.0,0.0,0.0,0.0,0.0,0.0,0.0,0.0,0.0,0.0,0.0,0.0,1.0,1.0,1.0,1.0,1.0,1.0,1.0,1.0,1.0,1.0,1.0,1.0,1.0
nvbench-v1:3005@y_name@ASC,9,qwen3:14b,staged,69,0.0,1.0,1,1,1.0,1.0,1.0,11.979554099962115,1,1,single_gold,bar,0.0,0.0,0.0,0.0,0.0,0.0,0.0,0.0,0.0,0.0,0.0,0.0,0.0,0.0,0.0,0.0,0.0,0.0,0.0,0.0,0.0,0.0,0.0,0.0,0.0,0.0,1.0,1.0,1.0,0.5,1.0,0.9,1.0,1.0,1.0,0.5,1.0,0.9,0.8660659830736148
nvbench-v1:3052@y_name@DESC,10,qwen3:14b,staged,69,0.0,1.0,1,0,1.0,0.0,0.0,11.641166800050996,1,1,single_gold,bar,0.0,0.0,0.0,0.0,0.0,0.0,0.0,0.0,0.0,0.0,0.0,0.0,0.0,0.0,0.0,0.0,0.0,0.0,0.0,0.0,0.0,0.0,0.0,0.0,0.0,0.0,1.0,1.0,1.0,0.6666666666666666,1.0,0.9333333333333332,1.0,1.0,1.0,0.6666666666666666,1.0,0.9333333333333332,0.909683207820833
nvbench-v1:3115@y_name@DESC,11,qwen3:14b,staged,69,0.0,1.0,1,0,1.0,0.0,0.0,13.487529399921186,1,1,single_gold,bar,0.0,0.0,0.0,0.0,0.0,0.0,0.0,0.0,0.0,0.0,0.0,0.0,0.0,0.0,0.0,0.0,0.0,0.0,0.0,0.0,0.0,0.0,0.0,0.0,0.0,0.0,1.0,1.0,0.0,0.0,1.0,0.6,1.0,1.0,0.0,0.0,1.0,0.6,0.515716566510398
nvbench-v1:348@y_name@ASC,12,qwen3:14b,staged,69,0.0,1.0,2,2,1.0,1.0,1.0,15.972338800085708,1,1,single_gold,bar,0.0,0.0,0.0,0.0,0.0,0.0,0.0,0.0,0.0,0.0,0.0,0.0,0.0,0.0,0.0,0.0,0.0,0.0,0.0,0.0,0.0,0.0,0.0,0.0,0.0,0.0,1.0,1.0,1.0,0.4,1.0,0.8800000000000001,1.0,1.0,1.0,0.4,1.0,0.8800000000000001,1.2202831886005685
nvbench-v1:383@y_name@ASC,13,qwen3:14b,staged,69,0.0,1.0,1,0,1.0,0.0,0.0,13.966752200038172,1,1,single_gold,bar,0.0,0.0,0.0,0.0,0.0,0.0,0.0,0.0,0.0,0.0,0.0,0.0,0.0,0.0,0.0,0.0,0.0,0.0,0.0,0.0,0.0,0.0,0.0,0.0,0.0,0.0,1.0,1.0,1.0,0.6666666666666666,1.0,0.9333333333333332,1.0,1.0,1.0,0.6666666666666666,1.0,0.9333333333333332,0.909683207820833
nvbench-v1:782@y_name@ASC,14,qwen3:14b,staged,69,0.0,1.0,1,0,1.0,0.0,0.0,13.265703700017184,1,1,single_gold,bar,0.0,0.0,0.0,0.0,0.0,0.0,0.0,0.0,0.0,0.0,0.0,0.0,0.0,0.0,0.0,0.0,0.0,0.0,0.0,0.0,0.0,0.0,0.0,0.0,0.0,0.0,1.0,1.0,0.5,0.5,1.0,0.8,1.0,1.0,0.5,0.5,1.0,0.8,0.7411011265922482
nvbench-v1:133,15,qwen3:14b,staged,69,0.0,1.0,1,1,1.0,1.0,1.0,14.648960100021213,1,1,single_gold,bar,1.0,1.0,1.0,1.0,1.0,1.0,1.0,1.0,1.0,1.0,1.0,1.0,1.0,1.0,1.0,1.0,1.0,1.0,1.0,1.0,1.0,1.0,1.0,1.0,1.0,1.0,1.0,1.0,1.0,1.0,1.0,1.0,1.0,1.0,1.0,1.0,1.0,1.0,1.0
nvbench-v1:1331,16,qwen3:14b,staged,69,0.0,1.0,2,2,1.0,1.0,1.0,14.519266200019047,1,1,single_gold,bar,0.0,0.0,0.0,0.0,0.0,0.0,0.0,0.0,0.0,0.0,0.0,0.0,0.0,0.0,0.0,0.0,0.0,0.0,0.0,0.0,0.0,0.0,0.0,0.0,0.0,0.0,1.0,1.0,1.0,0.6666666666666666,1.0,0.9333333333333332,1.0,1.0,1.0,0.6666666666666666,1.0,0.9333333333333332,1.3276588961946272
nvbench-v1:2081,17,qwen3:14b,staged,69,0.0,1.0,3,0,1.0,0.0,0.0,17.34126039990224,1,1,single_gold,bar,0.0,0.0,0.0,0.0,0.0,0.0,0.0,0.0,0.0,0.0,0.0,0.0,0.0,0.0,0.0,0.0,0.0,0.0,0.0,0.0,0.0,0.0,0.0,0.0,0.0,0.0,1.0,1.0,0.0,1.0,1.0,0.8,1.0,1.0,0.0,1.0,1.0,0.8,1.579234441060749
nvbench-v1:2246@y_name@DESC,18,qwen3:14b,staged,69,0.0,1.0,1,0,1.0,0.0,0.0,13.754800800001249,1,1,single_gold,bar,0.0,0.0,0.0,0.0,0.0,0.0,0.0,0.0,0.0,0.0,0.0,0.0,0.0,0.0,0.0,0.0,0.0,0.0,0.0,0.0,0.0,0.0,0.0,0.0,0.0,0.0,1.0,0.8,0.4,0.0,1.0,0.64,1.0,0.8,0.4,0.0,1.0,0.64,0.5583291593209998
nvbench-v1:2247,19,qwen3:14b,staged,69,0.0,1.0,2,0,1.0,0.0,0.0,14.82705540000461,1,1,single_gold,bar,0.0,0.0,0.0,0.0,0.0,0.0,0.0,0.0,0.0,0.0,0.0,0.0,0.0,0.0,0.0,0.0,0.0,0.0,0.0,0.0,0.0,0.0,0.0,0.0,0.0,0.0,1.0,0.8,0.0,0.0,1.0,0.5599999999999999,1.0,0.8,0.4,0.0,1.0,0.64,0.8265356961932586
nvbench-v1:2523@y_name@ASC,20,qwen3:14b,staged,69,0.0,1.0,2,0,1.0,0.0,0.0,19.168215800076723,1,1,single_gold,bar,0.0,0.0,0.0,0.0,0.0,0.0,0.0,0.0,0.0,0.0,0.0,0.0,0.0,0.0,0.0,0.0,0.0,0.0,0.0,0.0,0.0,0.0,0.0,0.0,0.0,0.0,1.0,1.0,0.6666666666666666,0.5,1.0,0.8333333333333333,1.0,1.0,0.6666666666666666,0.5,1.0,0.8333333333333333,1.1295310650466364
nvbench-v1:2750@y_name@ASC,21,qwen3:14b,staged,69,0.0,1.0,1,0,1.0,0.0,0.0,12.406338599976152,1,1,single_gold,bar,0.0,0.0,0.0,0.0,0.0,0.0,0.0,0.0,0.0,0.0,0.0,0.0,0.0,0.0,0.0,0.0,0.0,0.0,0.0,0.0,0.0,0.0,0.0,0.0,0.0,0.0,1.0,1.0,0.6666666666666666,0.5,1.0,0.8333333333333333,1.0,1.0,0.6666666666666666,0.5,1.0,0.8333333333333333,0.7817974362806785
nvbench-v1:2829@y_name@DESC,22,qwen3:14b,staged,69,0.0,1.0,1,0,1.0,0.0,0.0,14.652411799994297,1,1,single_gold,bar,0.0,0.0,0.0,0.0,0.0,0.0,0.0,0.0,0.0,0.0,0.0,0.0,0.0,0.0,0.0,0.0,0.0,0.0,0.0,0.0,0.0,0.0,0.0,0.0,0.0,0.0,1.0,1.0,0.0,0.4,1.0,0.6799999999999999,1.0,1.0,0.0,0.4,1.0,0.6799999999999999,0.602139755179244
nvbench-v1:3088,23,qwen3:14b,staged,69,0.0,1.0,2,0,1.0,0.0,0.0,14.893103700014763,1,1,single_gold,bar,0.0,0.0,0.0,0.0,0.0,0.0,0.0,0.0,0.0,0.0,0.0,0.0,0.0,0.0,0.0,0.0,0.0,0.0,0.0,0.0,0.0,0.0,0.0,0.0,0.0,0.0,1.0,1.0,0.3333333333333333,0.0,1.0,0.6666666666666667,1.0,1.0,0.3333333333333333,0.0,1.0,0.6666666666666667,0.8283612512120342
nvbench-v1:3091,24,qwen3:14b,staged,69,0.0,1.0,1,1,1.0,1.0,1.0,12.781002699979581,1,1,single_gold,bar,1.0,1.0,1.0,1.0,1.0,1.0,1.0,1.0,1.0,1.0,1.0,1.0,1.0,1.0,1.0,1.0,1.0,1.0,1.0,1.0,1.0,1.0,1.0,1.0,1.0,1.0,1.0,1.0,1.0,1.0,1.0,1.0,1.0,1.0,1.0,1.0,1.0,1.0,1.0
nvbench-v1:3092@y_name@DESC,25,qwen3:14b,staged,69,0.0,1.0,1,0,1.0,0.0,0.0,15.566337099997327,1,1,single_gold,bar,0.0,0.0,0.0,0.0,0.0,0.0,0.0,0.0,0.0,0.0,0.0,0.0,0.0,0.0,0.0,0.0,0.0,0.0,0.0,0.0,0.0,0.0,0.0,0.0,0.0,0.0,1.0,0.8,0.4,0.0,1.0,0.64,1.0,0.8,0.4,0.0,1.0,0.64,0.5583291593209998
nvbench-v1:680,26,qwen3:14b,staged,69,0.0,1.0,1,0,1.0,0.0,0.0,13.725498499930836,1,1,single_gold,bar,0.0,0.0,0.0,0.0,0.0,0.0,0.0,0.0,0.0,0.0,0.0,0.0,0.0,0.0,0.0,0.0,0.0,0.0,0.0,0.0,0.0,0.0,0.0,0.0,0.0,0.0,1.0,1.0,0.6666666666666666,1.0,1.0,0.9333333333333332,1.0,1.0,0.6666666666666666,1.0,1.0,0.9333333333333332,0.909683207820833
nvbench-v1:777@y_name@DESC,27,qwen3:14b,staged,69,0.0,1.0,1,0,1.0,0.0,0.0,15.461019700043835,1,1,single_gold,bar,0.0,0.0,0.0,0.0,0.0,0.0,0.0,0.0,0.0,0.0,0.0,0.0,0.0,0.0,0.0,0.0,0.0,0.0,0.0,0.0,0.0,0.0,0.0,0.0,0.0,0.0,1.0,0.6666666666666666,0.3333333333333333,0.0,1.0,0.6,1.0,0.6666666666666666,0.3333333333333333,0.0,1.0,0.6,0.515716566510398
nvbench-v1:780,28,qwen3:14b,staged,69,0.0,1.0,1,0,1.0,0.0,0.0,17.735522900009528,1,1,single_gold,bar,0.0,0.0,0.0,0.0,0.0,0.0,0.0,0.0,0.0,0.0,0.0,0.0,0.0,0.0,0.0,0.0,0.0,0.0,0.0,0.0,0.0,0.0,0.0,0.0,0.0,0.0,1.0,0.8571428571428571,0.28571428571428575,0.0,1.0,0.6285714285714286,1.0,0.8571428571428571,0.28571428571428575,0.0,1.0,0.6285714285714286,0.5460333372669801
nvbench-v1:927,29,qwen3:14b,staged,69,0.0,1.0,1,1,1.0,1.0,1.0,13.771895200014114,1,1,single_gold,bar,0.0,0.0,0.0,0.0,0.0,0.0,0.0,0.0,0.0,0.0,0.0,0.0,0.0,0.0,0.0,0.0,0.0,0.0,0.0,0.0,0.0,0.0,0.0,0.0,0.0,0.0,1.0,1.0,1.0,0.6666666666666666,1.0,0.9333333333333332,1.0,1.0,1.0,0.6666666666666666,1.0,0.9333333333333332,0.909683207820833
nvbench-v1:1073,30,qwen3:14b,staged,69,0.0,1.0,1,0,1.0,0.0,0.0,13.078349300078116,1,1,single_gold,arc,0.0,0.0,0.0,0.0,0.0,0.0,0.0,0.0,0.0,0.0,0.0,0.0,0.0,0.0,0.0,0.0,0.0,0.0,0.0,0.0,0.0,0.0,0.0,0.0,0.0,0.0,1.0,1.0,0.0,1.0,0.0,0.6,1.0,1.0,0.0,1.0,0.0,0.6,0.515716566510398
nvbench-v1:1109,31,qwen3:14b,staged,69,0.0,1.0,1,0,1.0,0.0,0.0,12.338013900094666,1,1,single_gold,arc,0.0,0.0,0.0,0.0,0.0,0.0,0.0,0.0,0.0,0.0,0.0,0.0,0.0,0.0,0.0,0.0,0.0,0.0,0.0,0.0,0.0,0.0,0.0,0.0,0.0,0.0,1.0,1.0,0.5,0.6666666666666666,1.0,0.8333333333333333,1.0,1.0,0.5,0.6666666666666666,1.0,0.8333333333333333,0.7817974362806785
nvbench-v1:1389,32,qwen3:14b,staged,69,0.0,1.0,1,0,1.0,0.0,0.0,12.137861900031567,1,1,single_gold,arc,0.0,0.0,0.0,0.0,0.0,0.0,0.0,0.0,0.0,0.0,0.0,0.0,0.0,0.0,0.0,0.0,0.0,0.0,0.0,0.0,0.0,0.0,0.0,0.0,0.0,0.0,1.0,1.0,0.0,1.0,1.0,0.8,1.0,1.0,0.0,1.0,1.0,0.8,0.7411011265922482
nvbench-v1:1529,33,qwen3:14b,staged,69,0.0,1.0,1,0,1.0,0.0,0.0,12.14461640000809,1,1,single_gold,arc,0.0,0.0,0.0,0.0,0.0,0.0,0.0,0.0,0.0,0.0,0.0,0.0,0.0,0.0,0.0,0.0,0.0,0.0,0.0,0.0,0.0,0.0,0.0,0.0,0.0,0.0,1.0,1.0,0.5,1.0,1.0,0.9,1.0,1.0,0.5,1.0,1.0,0.9,0.8660659830736148
nvbench-v1:1798,34,qwen3:14b,staged,69,0.0,1.0,1,0,1.0,0.0,0.0,11.6468334000092,1,1,single_gold,arc,0.0,0.0,0.0,0.0,0.0,0.0,0.0,0.0,0.0,0.0,0.0,0.0,0.0,0.0,0.0,0.0,0.0,0.0,0.0,0.0,0.0,0.0,0.0,0.0,0.0,0.0,1.0,1.0,0.5,1.0,1.0,0.9,1.0,1.0,0.5,1.0,1.0,0.9,0.8660659830736148
nvbench-v1:1968,35,qwen3:14b,staged,69,0.0,1.0,1,1,1.0,1.0,1.0,12.238710799952969,1,1,single_gold,arc,0.0,0.0,0.0,0.0,0.0,0.0,0.0,0.0,0.0,0.0,0.0,0.0,0.0,0.0,0.0,0.0,0.0,0.0,0.0,0.0,0.0,0.0,0.0,0.0,0.0,0.0,1.0,1.0,1.0,0.0,1.0,0.8,1.0,1.0,1.0,0.0,1.0,0.8,0.7411011265922482
nvbench-v1:2069,36,qwen3:14b,staged,69,0.0,1.0,2,0,1.0,0.0,0.0,17.207261000061408,1,1,single_gold,arc,0.0,0.0,0.0,0.0,0.0,0.0,0.0,0.0,0.0,0.0,0.0,0.0,0.0,0.0,0.0,0.0,0.0,0.0,0.0,0.0,0.0,0.0,0.0,0.0,0.0,0.0,1.0,1.0,1.0,0.0,0.0,0.6,1.0,1.0,1.0,0.0,0.0,0.6,0.7770562273444104
nvbench-v1:2168,37,qwen3:14b,staged,69,0.0,1.0,1,0,1.0,0.0,0.0,11.27818969998043,1,1,single_gold,arc,0.0,0.0,0.0,0.0,0.0,0.0,0.0,0.0,0.0,0.0,0.0,0.0,0.0,0.0,0.0,0.0,0.0,0.0,0.0,0.0,0.0,0.0,0.0,0.0,0.0,0.0,1.0,1.0,0.5,1.0,1.0,0.9,1.0,1.0,0.5,1.0,1.0,0.9,0.8660659830736148
nvbench-v1:2418,38,qwen3:14b,staged,69,0.0,1.0,1,0,1.0,0.0,0.0,15.063397100078873,1,1,single_gold,arc,0.0,0.0,0.0,0.0,0.0,0.0,0.0,0.0,0.0,0.0,0.0,0.0,0.0,0.0,0.0,0.0,0.0,0.0,0.0,0.0,0.0,0.0,0.0,0.0,0.0,0.0,1.0,1.0,0.5,0.0,0.0,0.5,1.0,1.0,0.5,0.0,0.0,0.5,0.41421356237309515
nvbench-v1:2435,39,qwen3:14b,staged,69,0.0,1.0,1,0,1.0,0.0,0.0,12.242023200029507,1,1,single_gold,arc,0.0,0.0,0.0,0.0,0.0,0.0,0.0,0.0,0.0,0.0,0.0,0.0,0.0,0.0,0.0,0.0,0.0,0.0,0.0,0.0,0.0,0.0,0.0,0.0,0.0,0.0,1.0,1.0,0.5,1.0,1.0,0.9,1.0,1.0,0.5,1.0,1.0,0.9,0.8660659830736148
nvbench-v1:2472,40,qwen3:14b,staged,69,0.0,1.0,1,1,1.0,1.0,1.0,12.303966999985278,1,1,single_gold,arc,1.0,1.0,1.0,1.0,1.0,1.0,1.0,1.0,1.0,1.0,1.0,1.0,1.0,1.0,1.0,1.0,1.0,1.0,1.0,1.0,1.0,1.0,1.0,1.0,1.0,1.0,1.0,1.0,1.0,1.0,1.0,1.0,1.0,1.0,1.0,1.0,1.0,1.0,1.0
nvbench-v1:2559,41,qwen3:14b,staged,69,0.0,1.0,1,1,1.0,1.0,1.0,11.816294600022957,1,1,single_gold,arc,1.0,1.0,1.0,1.0,1.0,1.0,1.0,1.0,1.0,1.0,1.0,1.0,1.0,1.0,1.0,1.0,1.0,1.0,1.0,1.0,1.0,1.0,1.0,1.0,1.0,1.0,1.0,1.0,1.0,1.0,1.0,1.0,1.0,1.0,1.0,1.0,1.0,1.0,1.0
nvbench-v1:2639,42,qwen3:14b,staged,69,0.0,1.0,1,0,1.0,0.0,0.0,12.290803299983963,1,1,single_gold,arc,0.0,0.0,0.0,0.0,0.0,0.0,0.0,0.0,0.0,0.0,0.0,0.0,0.0,0.0,0.0,0.0,0.0,0.0,0.0,0.0,0.0,0.0,0.0,0.0,0.0,0.0,1.0,1.0,0.5,1.0,1.0,0.9,1.0,1.0,0.5,1.0,1.0,0.9,0.8660659830736148
nvbench-v1:3147,43,qwen3:14b,staged,69,0.0,1.0,4,2,1.0,1.0,0.0,18.111321600037627,1,1,single_gold,arc,1.0,1.0,1.0,1.0,1.0,1.0,1.0,0.3333333333333333,0.5,1.0,1.0,0.25,0.4,1.0,1.0,1.0,1.0,1.0,1.0,1.0,0.5,0.6666666666666666,1.0,1.0,0.5,0.6666666666666666,1.0,1.0,1.0,1.0,1.0,1.0,1.0,1.0,1.0,1.0,1.0,1.0,2.048794722154357
nvbench-v1:374,44,qwen3:14b,staged,69,0.0,1.0,1,0,1.0,0.0,0.0,13.121568500064313,1,1,single_gold,arc,0.0,0.0,0.0,0.0,0.0,0.0,0.0,0.0,0.0,0.0,0.0,0.0,0.0,0.0,0.0,0.0,0.0,0.0,0.0,0.0,0.0,0.0,0.0,0.0,0.0,0.0,1.0,1.0,0.0,0.0,0.0,0.4,1.0,1.0,0.0,0.0,0.0,0.4,0.3195079107728942
nvbench-v1:1097,45,qwen3:14b,staged,69,0.0,1.0,1,0,1.0,0.0,0.0,11.191268799942918,1,1,single_gold,line,0.0,0.0,0.0,0.0,0.0,0.0,0.0,0.0,0.0,0.0,0.0,0.0,0.0,0.0,0.0,0.0,0.0,0.0,0.0,0.0,0.0,0.0,0.0,0.0,0.0,0.0,1.0,1.0,0.5,1.0,1.0,0.9,1.0,1.0,0.5,1.0,1.0,0.9,0.8660659830736148
nvbench-v1:1356,46,qwen3:14b,staged,69,0.0,1.0,1,0,1.0,0.0,0.0,14.966805499978364,1,1,single_gold,line,0.0,0.0,0.0,0.0,0.0,0.0,0.0,0.0,0.0,0.0,0.0,0.0,0.0,0.0,0.0,0.0,0.0,0.0,0.0,0.0,0.0,0.0,0.0,0.0,0.0,0.0,1.0,1.0,0.0,0.4,1.0,0.6799999999999999,1.0,1.0,0.0,0.4,1.0,0.6799999999999999,0.602139755179244
nvbench-v1:1358,47,qwen3:14b,staged,69,0.0,1.0,1,1,1.0,1.0,1.0,13.037680800072849,1,1,single_gold,line,0.0,0.0,0.0,0.0,0.0,0.0,0.0,0.0,0.0,0.0,0.0,0.0,0.0,0.0,0.0,0.0,0.0,0.0,0.0,0.0,0.0,0.0,0.0,0.0,0.0,0.0,1.0,1.0,1.0,0.6666666666666666,1.0,0.9333333333333332,1.0,1.0,1.0,0.6666666666666666,1.0,0.9333333333333332,0.909683207820833
nvbench-v1:1360,48,qwen3:14b,staged,69,0.0,1.0,1,1,1.0,1.0,1.0,12.312263099942356,1,1,single_gold,line,0.0,0.0,0.0,0.0,0.0,0.0,0.0,0.0,0.0,0.0,0.0,0.0,0.0,0.0,0.0,0.0,0.0,0.0,0.0,0.0,0.0,0.0,0.0,0.0,0.0,0.0,1.0,1.0,1.0,0.6666666666666666,1.0,0.9333333333333332,1.0,1.0,1.0,0.6666666666666666,1.0,0.9333333333333332,0.909683207820833
nvbench-v1:1495,49,qwen3:14b,staged,69,0.0,1.0,1,1,1.0,1.0,1.0,11.098402299918234,1,1,single_gold,line,1.0,1.0,1.0,1.0,1.0,1.0,1.0,1.0,1.0,1.0,1.0,1.0,1.0,1.0,1.0,1.0,1.0,1.0,1.0,1.0,1.0,1.0,1.0,1.0,1.0,1.0,1.0,1.0,1.0,1.0,1.0,1.0,1.0,1.0,1.0,1.0,1.0,1.0,1.0
nvbench-v1:169,50,qwen3:14b,staged,69,0.0,1.0,5,3,1.0,1.0,0.0,18.432875499944203,1,1,single_gold,line,0.0,0.0,0.0,0.0,0.0,0.0,0.0,0.0,0.0,0.0,0.0,0.0,0.0,0.0,0.0,0.0,0.0,0.0,0.0,0.0,0.0,0.0,0.0,0.0,0.0,0.0,1.0,1.0,1.0,0.6666666666666666,1.0,0.9333333333333332,1.0,1.0,1.0,0.6666666666666666,1.0,0.9333333333333332,2.20701354656377
nvbench-v1:2021,51,qwen3:14b,staged,69,0.0,1.0,2,2,1.0,1.0,1.0,16.37262749997899,1,1,single_gold,line,0.0,0.0,0.0,0.0,0.0,0.0,0.0,0.0,0.0,0.0,0.0,0.0,0.0,0.0,0.0,0.0,0.0,0.0,0.0,0.0,0.0,0.0,0.0,0.0,0.0,0.0,1.0,1.0,0.5,0.6666666666666666,1.0,0.8333333333333333,1.0,1.0,0.5,0.6666666666666666,1.0,0.8333333333333333,1.1295310650466364
nvbench-v1:2603,52,qwen3:14b,staged,69,0.0,1.0,1,0,1.0,0.0,0.0,14.645273800007999,1,1,single_gold,line,0.0,0.0,0.0,0.0,0.0,0.0,0.0,0.0,0.0,0.0,0.0,0.0,0.0,0.0,0.0,0.0,0.0,0.0,0.0,0.0,0.0,0.0,0.0,0.0,0.0,0.0,1.0,1.0,0.5,0.6666666666666666,0.0,0.6333333333333333,1.0,1.0,0.5,0.6666666666666666,0.0,0.6333333333333333,0.5511447618337346
nvbench-v1:2782,53,qwen3:14b,staged,69,0.0,1.0,1,0,1.0,0.0,0.0,15.415531800012104,1,1,single_gold,line,0.0,0.0,0.0,0.0,0.0,0.0,0.0,0.0,0.0,0.0,0.0,0.0,0.0,0.0,0.0,0.0,0.0,0.0,0.0,0.0,0.0,0.0,0.0,0.0,0.0,0.0,0.0,1.0,1.0,0.5,1.0,0.7,0.0,1.0,1.0,0.5,1.0,0.7,0.624504792712471
nvbench-v1:415,54,qwen3:14b,staged,69,0.0,1.0,1,1,1.0,1.0,1.0,10.651607800042257,1,1,single_gold,line,1.0,1.0,1.0,1.0,1.0,1.0,1.0,1.0,1.0,1.0,1.0,1.0,1.0,1.0,1.0,1.0,1.0,1.0,1.0,1.0,1.0,1.0,1.0,1.0,1.0,1.0,1.0,1.0,1.0,1.0,1.0,1.0,1.0,1.0,1.0,1.0,1.0,1.0,1.0
nvbench-v1:642,55,qwen3:14b,staged,69,0.0,1.0,1,0,1.0,0.0,0.0,12.011631599976681,1,1,single_gold,line,0.0,0.0,0.0,0.0,0.0,0.0,0.0,0.0,0.0,0.0,0.0,0.0,0.0,0.0,0.0,0.0,0.0,0.0,0.0,0.0,0.0,0.0,0.0,0.0,0.0,0.0,1.0,1.0,0.5,0.6666666666666666,1.0,0.8333333333333333,1.0,1.0,0.5,0.6666666666666666,1.0,0.8333333333333333,0.7817974362806785
nvbench-v1:729,56,qwen3:14b,staged,69,0.0,1.0,1,1,1.0,1.0,1.0,12.214353799936362,1,1,single_gold,line,0.0,0.0,0.0,0.0,0.0,0.0,0.0,0.0,0.0,0.0,0.0,0.0,0.0,0.0,0.0,0.0,0.0,0.0,0.0,0.0,0.0,0.0,0.0,0.0,0.0,0.0,1.0,1.0,1.0,0.5,1.0,0.9,1.0,1.0,1.0,0.5,1.0,0.9,0.8660659830736148
nvbench-v1:773,57,qwen3:14b,staged,69,0.0,1.0,1,0,1.0,0.0,0.0,12.548661799984984,1,1,single_gold,line,0.0,0.0,0.0,0.0,0.0,0.0,0.0,0.0,0.0,0.0,0.0,0.0,0.0,0.0,0.0,0.0,0.0,0.0,0.0,0.0,0.0,0.0,0.0,0.0,0.0,0.0,1.0,1.0,0.5,1.0,1.0,0.9,1.0,1.0,0.5,1.0,1.0,0.9,0.8660659830736148
nvbench-v1:798,58,qwen3:14b,staged,69,0.0,1.0,1,0,1.0,0.0,0.0,15.359522399958223,1,1,single_gold,line,0.0,0.0,0.0,0.0,0.0,0.0,0.0,0.0,0.0,0.0,0.0,0.0,0.0,0.0,0.0,0.0,0.0,0.0,0.0,0.0,0.0,0.0,0.0,0.0,0.0,0.0,1.0,1.0,0.5,0.6666666666666666,1.0,0.8333333333333333,1.0,1.0,0.5,0.6666666666666666,1.0,0.8333333333333333,0.7817974362806785
nvbench-v1:997,59,qwen3:14b,staged,69,0.0,1.0,1,1,1.0,1.0,1.0,13.786004499997944,1,1,single_gold,line,0.0,0.0,0.0,0.0,0.0,0.0,0.0,0.0,0.0,0.0,0.0,0.0,0.0,0.0,0.0,0.0,0.0,0.0,0.0,0.0,0.0,0.0,0.0,0.0,0.0,0.0,1.0,1.0,1.0,0.6666666666666666,1.0,0.9333333333333332,1.0,1.0,1.0,0.6666666666666666,1.0,0.9333333333333332,0.909683207820833
nvbench-v1:1350,60,qwen3:14b,staged,69,0.0,1.0,1,1,1.0,1.0,1.0,13.782725799945183,1,1,single_gold,line,0.0,0.0,0.0,0.0,0.0,0.0,0.0,0.0,0.0,0.0,0.0,0.0,0.0,0.0,0.0,0.0,0.0,0.0,0.0,0.0,0.0,0.0,0.0,0.0,0.0,0.0,1.0,1.0,1.0,0.5,1.0,0.9,1.0,1.0,1.0,0.5,1.0,0.9,0.8660659830736148
nvbench-v1:1352,61,qwen3:14b,staged,69,0.0,1.0,1,1,1.0,1.0,1.0,14.947113700094633,1,1,single_gold,line,0.0,0.0,0.0,0.0,0.0,0.0,0.0,0.0,0.0,0.0,0.0,0.0,0.0,0.0,0.0,0.0,0.0,0.0,0.0,0.0,0.0,0.0,0.0,0.0,0.0,0.0,1.0,1.0,1.0,0.6666666666666666,1.0,0.9333333333333332,1.0,1.0,1.0,0.6666666666666666,1.0,0.9333333333333332,0.909683207820833
nvbench-v1:1353,62,qwen3:14b,staged,69,0.0,1.0,1,1,1.0,1.0,1.0,13.39673939999193,1,1,single_gold,line,0.0,0.0,0.0,0.0,0.0,0.0,0.0,0.0,0.0,0.0,0.0,0.0,0.0,0.0,0.0,0.0,0.0,0.0,0.0,0.0,0.0,0.0,0.0,0.0,0.0,0.0,1.0,1.0,1.0,0.5,1.0,0.9,1.0,1.0,1.0,0.5,1.0,0.9,0.8660659830736148
nvbench-v1:1387,63,qwen3:14b,staged,69,0.0,1.0,1,0,1.0,0.0,0.0,16.458389400038868,1,1,single_gold,line,0.0,0.0,0.0,0.0,0.0,0.0,0.0,0.0,0.0,0.0,0.0,0.0,0.0,0.0,0.0,0.0,0.0,0.0,0.0,0.0,0.0,0.0,0.0,0.0,0.0,0.0,1.0,1.0,0.6666666666666666,0.5,1.0,0.8333333333333333,1.0,1.0,0.6666666666666666,0.5,1.0,0.8333333333333333,0.7817974362806785
nvbench-v1:1482,64,qwen3:14b,staged,69,0.0,1.0,4,4,1.0,1.0,1.0,18.796099700033665,1,1,single_gold,line,1.0,1.0,1.0,1.0,1.0,1.0,1.0,0.3333333333333333,0.5,1.0,1.0,0.25,0.4,1.0,1.0,1.0,1.0,1.0,1.0,1.0,0.3333333333333333,0.5,1.0,1.0,0.25,0.4,1.0,1.0,1.0,1.0,1.0,1.0,1.0,1.0,1.0,1.0,1.0,1.0,2.095797812769365
nvbench-v1:1484,65,qwen3:14b,staged,69,0.0,1.0,1,1,1.0,1.0,1.0,12.834798300056718,1,1,single_gold,line,1.0,1.0,1.0,1.0,1.0,1.0,1.0,1.0,1.0,1.0,1.0,1.0,1.0,1.0,1.0,1.0,1.0,1.0,1.0,1.0,1.0,1.0,1.0,1.0,1.0,1.0,1.0,1.0,1.0,1.0,1.0,1.0,1.0,1.0,1.0,1.0,1.0,1.0,1.0
nvbench-v1:1489,66,qwen3:14b,staged,69,0.0,1.0,1,1,1.0,1.0,1.0,12.73073429998476,1,1,single_gold,line,0.0,0.0,0.0,0.0,0.0,0.0,0.0,0.0,0.0,0.0,0.0,0.0,0.0,0.0,0.0,0.0,0.0,0.0,0.0,0.0,0.0,0.0,0.0,0.0,0.0,0.0,1.0,1.0,1.0,1.0,1.0,1.0,1.0,1.0,1.0,1.0,1.0,1.0,1.0
nvbench-v1:2781,67,qwen3:14b,staged,69,0.0,1.0,3,1,1.0,1.0,0.0,20.98277500004042,1,1,single_gold,line,0.0,0.0,0.0,0.0,0.0,0.0,0.0,0.0,0.0,0.0,0.0,0.0,0.0,0.0,0.0,0.0,0.0,0.0,0.0,0.0,0.0,0.0,0.0,0.0,0.0,0.0,0.0,0.8,0.0,1.0,1.0,0.5599999999999999,1.0,0.8,0.4,0.0,1.0,0.64,1.0356292667099525
nvbench-v1:647,68,qwen3:14b,staged,69,0.0,1.0,1,0,1.0,0.0,0.0,11.734425400034525,1,1,single_gold,line,0.0,0.0,0.0,0.0,0.0,0.0,0.0,0.0,0.0,0.0,0.0,0.0,0.0,0.0,0.0,0.0,0.0,0.0,0.0,0.0,0.0,0.0,0.0,0.0,0.0,0.0,1.0,1.0,0.6666666666666666,1.0,1.0,0.9333333333333332,1.0,1.0,0.6666666666666666,1.0,1.0,0.9333333333333332,0.909683207820833
nvbench-v1:776,69,qwen3:14b,staged,69,0.0,1.0,2,0,1.0,0.0,0.0,18.171769100008532,1,1,single_gold,line,0.0,0.0,0.0,0.0,0.0,0.0,0.0,0.0,0.0,0.0,0.0,0.0,0.0,0.0,0.0,0.0,0.0,0.0,0.0,0.0,0.0,0.0,0.0,0.0,0.0,0.0,1.0,1.0,0.6666666666666666,0.6666666666666666,1.0,0.8666666666666666,1.0,1.0,0.6666666666666666,0.6666666666666666,1.0,0.8666666666666666,1.1940537780823446
nvbench-v1:778,70,qwen3:14b,staged,69,0.0,1.0,1,1,1.0,1.0,1.0,15.194379199994728,1,1,single_gold,line,0.0,0.0,0.0,0.0,0.0,0.0,0.0,0.0,0.0,0.0,0.0,0.0,0.0,0.0,0.0,0.0,0.0,0.0,0.0,0.0,0.0,0.0,0.0,0.0,0.0,0.0,1.0,1.0,1.0,0.6666666666666666,1.0,0.9333333333333332,1.0,1.0,1.0,0.6666666666666666,1.0,0.9333333333333332,0.909683207820833
nvbench-v1:779,71,qwen3:14b,staged,69,0.0,1.0,1,0,1.0,0.0,0.0,15.851374499965459,1,1,single_gold,line,0.0,0.0,0.0,0.0,0.0,0.0,0.0,0.0,0.0,0.0,0.0,0.0,0.0,0.0,0.0,0.0,0.0,0.0,0.0,0.0,0.0,0.0,0.0,0.0,0.0,0.0,1.0,1.0,0.6666666666666666,0.6666666666666666,1.0,0.8666666666666666,1.0,1.0,0.6666666666666666,0.6666666666666666,1.0,0.8666666666666666,0.8234449771164336
nvbench-v1:848,72,qwen3:14b,staged,69,0.0,1.0,1,1,1.0,1.0,1.0,14.591894999961369,1,1,single_gold,line,0.0,0.0,0.0,0.0,0.0,0.0,0.0,0.0,0.0,0.0,0.0,0.0,0.0,0.0,0.0,0.0,0.0,0.0,0.0,0.0,0.0,0.0,0.0,0.0,0.0,0.0,1.0,1.0,0.6666666666666666,0.6666666666666666,1.0,0.8666666666666666,1.0,1.0,0.6666666666666666,0.6666666666666666,1.0,0.8666666666666666,0.8234449771164336
nvbench-v1:850,73,qwen3:14b,staged,69,0.0,1.0,1,1,1.0,1.0,1.0,14.170465899980627,1,1,single_gold,line,0.0,0.0,0.0,0.0,0.0,0.0,0.0,0.0,0.0,0.0,0.0,0.0,0.0,0.0,0.0,0.0,0.0,0.0,0.0,0.0,0.0,0.0,0.0,0.0,0.0,0.0,1.0,1.0,1.0,0.6666666666666666,1.0,0.9333333333333332,1.0,1.0,1.0,0.6666666666666666,1.0,0.9333333333333332,0.909683207820833
nvbench-v1:942,74,qwen3:14b,staged,69,0.0,1.0,1,0,1.0,0.0,0.0,16.951828499906696,1,1,single_gold,line,0.0,0.0,0.0,0.0,0.0,0.0,0.0,0.0,0.0,0.0,0.0,0.0,0.0,0.0,0.0,0.0,0.0,0.0,0.0,0.0,0.0,0.0,0.0,0.0,0.0,0.0,1.0,1.0,0.6666666666666666,0.6666666666666666,1.0,0.8666666666666666,1.0,1.0,0.6666666666666666,0.6666666666666666,1.0,0.8666666666666666,0.8234449771164336
nvbench-v1:1029,75,qwen3:14b,staged,69,0.0,1.0,3,2,1.0,1.0,0.0,16.452881900011562,1,1,single_gold,point,0.0,0.0,0.0,0.0,0.0,0.0,0.0,0.0,0.0,0.0,0.0,0.0,0.0,0.0,0.0,0.0,0.0,0.0,0.0,0.0,0.0,0.0,0.0,0.0,0.0,0.0,1.0,1.0,0.5,0.6666666666666666,1.0,0.8333333333333333,1.0,1.0,0.5,0.6666666666666666,1.0,0.8333333333333333,1.4880684876071872
nvbench-v1:1449,76,qwen3:14b,staged,69,0.0,1.0,2,0,1.0,0.0,0.0,18.345820100046694,1,1,single_gold,point,0.0,0.0,0.0,0.0,0.0,0.0,0.0,0.0,0.0,0.0,0.0,0.0,0.0,0.0,0.0,0.0,0.0,0.0,0.0,0.0,0.0,0.0,0.0,0.0,0.0,0.0,0.0,1.0,0.5,1.0,0.0,0.5,1.0,1.0,0.5,1.0,0.0,0.7,0.8082322173433686
nvbench-v1:2148,77,qwen3:14b,staged,69,0.0,1.0,1,0,1.0,0.0,0.0,12.860673899995163,1,1,single_gold,point,0.0,0.0,0.0,0.0,0.0,0.0,0.0,0.0,0.0,0.0,0.0,0.0,0.0,0.0,0.0,0.0,0.0,0.0,0.0,0.0,0.0,0.0,0.0,0.0,0.0,0.0,1.0,1.0,0.5,1.0,1.0,0.9,1.0,1.0,0.5,1.0,1.0,0.9,0.8660659830736148
nvbench-v1:2272,78,qwen3:14b,staged,69,0.0,1.0,2,2,1.0,1.0,1.0,13.845084400032647,1,1,single_gold,point,0.5,0.0,0.0,0.0,0.0,1.0,1.0,0.5,0.6666666666666666,1.0,1.0,0.5,0.6666666666666666,0.5,0.0,0.0,0.0,0.0,1.0,1.0,0.5,0.6666666666666666,1.0,1.0,0.5,0.6666666666666666,0.0,1.0,1.0,0.0,1.0,0.6,1.0,1.0,1.0,1.0,1.0,1.0,1.1466463200818555
nvbench-v1:2871,79,qwen3:14b,staged,69,0.0,1.0,1,1,1.0,1.0,1.0,9.21832819993142,1,1,single_gold,point,1.0,1.0,1.0,1.0,1.0,1.0,1.0,1.0,1.0,1.0,1.0,1.0,1.0,1.0,1.0,1.0,1.0,1.0,1.0,1.0,1.0,1.0,1.0,1.0,1.0,1.0,1.0,1.0,1.0,1.0,1.0,1.0,1.0,1.0,1.0,1.0,1.0,1.0,1.0
nvbench-v1:2878,80,qwen3:14b,staged,69,0.0,1.0,1,0,1.0,0.0,0.0,10.866357899969444,1,1,single_gold,point,0.0,0.0,0.0,0.0,0.0,0.0,0.0,0.0,0.0,0.0,0.0,0.0,0.0,0.0,0.0,0.0,0.0,0.0,0.0,0.0,0.0,0.0,0.0,0.0,0.0,0.0,1.0,1.0,0.5,1.0,1.0,0.9,1.0,1.0,0.5,1.0,1.0,0.9,0.8660659830736148
nvbench-v1:3,81,qwen3:14b,staged,69,0.0,1.0,1,0,1.0,0.0,0.0,14.058408300043084,1,1,single_gold,point,0.0,0.0,0.0,0.0,0.0,0.0,0.0,0.0,0.0,0.0,0.0,0.0,0.0,0.0,0.0,0.0,0.0,0.0,0.0,0.0,0.0,0.0,0.0,0.0,0.0,0.0,1.0,1.0,0.5,1.0,1.0,0.9,1.0,1.0,0.5,1.0,1.0,0.9,0.8660659830736148
nvbench-v1:353,82,qwen3:14b,staged,69,0.0,1.0,1,1,1.0,1.0,1.0,10.402754600043409,1,1,single_gold,point,1.0,1.0,1.0,1.0,1.0,1.0,1.0,1.0,1.0,1.0,1.0,1.0,1.0,1.0,1.0,1.0,1.0,1.0,1.0,1.0,1.0,1.0,1.0,1.0,1.0,1.0,1.0,1.0,1.0,1.0,1.0,1.0,1.0,1.0,1.0,1.0,1.0,1.0,1.0
nvbench-v1:410,83,qwen3:14b,staged,69,0.0,1.0,3,0,1.0,0.0,0.0,18.166241500061005,1,1,single_gold,point,0.0,0.0,0.0,0.0,0.0,0.0,0.0,0.0,0.0,0.0,0.0,0.0,0.0,0.0,0.0,0.0,0.0,0.0,0.0,0.0,0.0,0.0,0.0,0.0,0.0,0.0,1.0,0.8,0.0,1.0,1.0,0.76,1.0,1.0,0.5,1.0,1.0,0.9,1.5941063674342384
nvbench-v1:674,84,qwen3:14b,staged,69,0.0,1.0,1,1,1.0,1.0,1.0,9.68954220006708,1,1,single_gold,point,1.0,1.0,1.0,1.0,1.0,1.0,1.0,1.0,1.0,1.0,1.0,1.0,1.0,1.0,1.0,1.0,1.0,1.0,1.0,1.0,1.0,1.0,1.0,1.0,1.0,1.0,1.0,1.0,1.0,1.0,1.0,1.0,1.0,1.0,1.0,1.0,1.0,1.0,1.0
nvbench-v1:831,85,qwen3:14b,staged,69,0.0,1.0,1,0,1.0,0.0,0.0,13.228046100004576,1,1,single_gold,point,0.0,0.0,0.0,0.0,0.0,0.0,0.0,0.0,0.0,0.0,0.0,0.0,0.0,0.0,0.0,0.0,0.0,0.0,0.0,0.0,0.0,0.0,0.0,0.0,0.0,0.0,1.0,1.0,0.5,1.0,1.0,0.9,1.0,1.0,0.5,1.0,1.0,0.9,0.8660659830736148
nvbench-v1:925,86,qwen3:14b,staged,69,0.0,1.0,1,0,1.0,0.0,0.0,13.5731395999901,1,1,single_gold,point,0.0,0.0,0.0,0.0,0.0,0.0,0.0,0.0,0.0,0.0,0.0,0.0,0.0,0.0,0.0,0.0,0.0,0.0,0.0,0.0,0.0,0.0,0.0,0.0,0.0,0.0,0.0,1.0,0.5,1.0,1.0,0.7,0.0,1.0,0.5,1.0,1.0,0.7,0.624504792712471
nvbench-v1:956,87,qwen3:14b,staged,69,0.0,1.0,1,1,1.0,1.0,1.0,10.303880899911746,1,1,single_gold,point,1.0,1.0,1.0,1.0,1.0,1.0,1.0,1.0,1.0,1.0,1.0,1.0,1.0,1.0,1.0,1.0,1.0,1.0,1.0,1.0,1.0,1.0,1.0,1.0,1.0,1.0,1.0,1.0,1.0,1.0,1.0,1.0,1.0,1.0,1.0,1.0,1.0,1.0,1.0
nvbench-v1:964,88,qwen3:14b,staged,69,0.0,1.0,1,0,1.0,0.0,0.0,10.761728600016795,1,1,single_gold,point,0.0,0.0,0.0,0.0,0.0,0.0,0.0,0.0,0.0,0.0,0.0,0.0,0.0,0.0,0.0,0.0,0.0,0.0,0.0,0.0,0.0,0.0,0.0,0.0,0.0,0.0,1.0,1.0,0.5,1.0,1.0,0.9,1.0,1.0,0.5,1.0,1.0,0.9,0.8660659830736148
nvbench-v1:968,89,qwen3:14b,staged,69,0.0,1.0,1,0,1.0,0.0,0.0,12.522706000017934,1,1,single_gold,point,0.0,0.0,0.0,0.0,0.0,0.0,0.0,0.0,0.0,0.0,0.0,0.0,0.0,0.0,0.0,0.0,0.0,0.0,0.0,0.0,0.0,0.0,0.0,0.0,0.0,0.0,1.0,1.0,0.5,1.0,1.0,0.9,1.0,1.0,0.5,1.0,1.0,0.9,0.8660659830736148
nvbench-v1:1292,90,qwen3:14b,staged,69,0.0,1.0,1,0,1.0,0.0,0.0,11.083505399990827,1,1,single_gold,point,0.0,0.0,0.0,0.0,0.0,0.0,0.0,0.0,0.0,0.0,0.0,0.0,0.0,0.0,0.0,0.0,0.0,0.0,0.0,0.0,0.0,0.0,0.0,0.0,0.0,0.0,1.0,0.8,0.4,1.0,1.0,0.8400000000000001,1.0,0.8,0.4,1.0,1.0,0.8400000000000001,0.7900501418559449
nvbench-v1:2064,91,qwen3:14b,staged,69,0.0,1.0,1,0,1.0,0.0,0.0,11.369418799993582,1,1,single_gold,point,0.0,0.0,0.0,0.0,0.0,0.0,0.0,0.0,0.0,0.0,0.0,0.0,0.0,0.0,0.0,0.0,0.0,0.0,0.0,0.0,0.0,0.0,0.0,0.0,0.0,0.0,1.0,1.0,0.6666666666666666,1.0,1.0,0.9333333333333332,1.0,1.0,0.6666666666666666,1.0,1.0,0.9333333333333332,0.909683207820833
nvbench-v1:2275,92,qwen3:14b,staged,69,0.0,1.0,1,1,1.0,1.0,1.0,11.392277500010096,1,1,single_gold,point,1.0,1.0,1.0,1.0,1.0,1.0,1.0,1.0,1.0,1.0,1.0,1.0,1.0,1.0,1.0,1.0,1.0,1.0,1.0,1.0,1.0,1.0,1.0,1.0,1.0,1.0,1.0,1.0,1.0,1.0,1.0,1.0,1.0,1.0,1.0,1.0,1.0,1.0,1.0
nvbench-v1:2297,93,qwen3:14b,staged,69,0.0,1.0,1,1,1.0,1.0,1.0,14.412889400031418,1,1,single_gold,point,1.0,1.0,1.0,1.0,1.0,1.0,1.0,1.0,1.0,1.0,1.0,1.0,1.0,1.0,1.0,1.0,1.0,1.0,1.0,1.0,1.0,1.0,1.0,1.0,1.0,1.0,1.0,1.0,1.0,1.0,1.0,1.0,1.0,1.0,1.0,1.0,1.0,1.0,1.0
nvbench-v1:2298,94,qwen3:14b,staged,69,0.0,1.0,5,5,1.0,1.0,1.0,16.577899900032207,1,1,single_gold,point,0.0,0.0,0.0,0.0,0.0,0.0,0.0,0.0,0.0,0.0,0.0,0.0,0.0,0.0,0.0,0.0,0.0,0.0,0.0,0.0,0.0,0.0,0.0,0.0,0.0,0.0,1.0,1.0,0.3333333333333333,1.0,1.0,0.8666666666666668,1.0,1.0,0.3333333333333333,1.0,1.0,0.8666666666666668,1.7336025970676237
nvbench-v1:2299,95,qwen3:14b,staged,69,0.0,1.0,5,4,1.0,1.0,0.0,18.463462899904698,1,1,single_gold,point,0.0,0.0,0.0,0.0,0.0,0.0,0.0,0.0,0.0,0.0,0.0,0.0,0.0,0.0,0.0,0.0,0.0,0.0,0.0,0.0,0.0,0.0,0.0,0.0,0.0,0.0,1.0,1.0,1.0,0.0,1.0,0.8,1.0,1.0,1.0,0.0,1.0,0.8,1.6952375251591116
nvbench-v1:2302,96,qwen3:14b,staged,69,0.0,1.0,1,1,1.0,1.0,1.0,12.665204099961556,1,1,single_gold,point,1.0,1.0,1.0,1.0,1.0,1.0,1.0,1.0,1.0,1.0,1.0,1.0,1.0,1.0,1.0,1.0,1.0,1.0,1.0,1.0,1.0,1.0,1.0,1.0,1.0,1.0,1.0,1.0,1.0,1.0,1.0,1.0,1.0,1.0,1.0,1.0,1.0,1.0,1.0
nvbench-v1:3074,97,qwen3:14b,staged,69,0.0,1.0,1,1,1.0,1.0,1.0,12.002281500026584,1,1,single_gold,point,1.0,1.0,1.0,1.0,1.0,1.0,1.0,1.0,1.0,1.0,1.0,1.0,1.0,1.0,1.0,1.0,1.0,1.0,1.0,1.0,1.0,1.0,1.0,1.0,1.0,1.0,1.0,1.0,1.0,1.0,1.0,1.0,1.0,1.0,1.0,1.0,1.0,1.0,1.0
nvbench-v1:3094,98,qwen3:14b,staged,69,0.0,1.0,1,1,1.0,1.0,1.0,13.228448299923912,1,1,single_gold,point,1.0,1.0,1.0,1.0,1.0,1.0,1.0,1.0,1.0,1.0,1.0,1.0,1.0,1.0,1.0,1.0,1.0,1.0,1.0,1.0,1.0,1.0,1.0,1.0,1.0,1.0,1.0,1.0,1.0,1.0,1.0,1.0,1.0,1.0,1.0,1.0,1.0,1.0,1.0
nvbench-v1:3165,99,qwen3:14b,staged,69,0.0,1.0,1,1,1.0,1.0,1.0,11.80013880005572,1,1,single_gold,point,1.0,1.0,1.0,1.0,1.0,1.0,1.0,1.0,1.0,1.0,1.0,1.0,1.0,1.0,1.0,1.0,1.0,1.0,1.0,1.0,1.0,1.0,1.0,1.0,1.0,1.0,1.0,1.0,1.0,1.0,1.0,1.0,1.0,1.0,1.0,1.0,1.0,1.0,1.0
nvbench-v1:3166,100,qwen3:14b,staged,69,0.0,1.0,5,5,1.0,1.0,1.0,22.63902160001453,1,1,single_gold,point,0.0,0.0,0.0,0.0,0.0,0.0,0.0,0.0,0.0,0.0,0.0,0.0,0.0,0.0,0.0,0.0,0.0,0.0,0.0,0.0,0.0,0.0,0.0,0.0,0.0,0.0,0.0,0.8571428571428571,0.8571428571428571,0.0,1.0,0.5428571428571429,1.0,0.8571428571428571,0.8571428571428571,0.0,1.0,0.7428571428571429,1.3646251121768294
nvbench-v1:3169,101,qwen3:14b,staged,69,0.0,1.0,5,5,1.0,1.0,1.0,25.058109834,1,1,single_gold,point,0.0,0.0,0.0,0.0,0.0,0.0,0.0,0.0,0.0,0.0,0.0,0.0,0.0,0.0,0.0,0.0,0.0,0.0,0.0,0.0,0.0,0.0,0.0,0.0,0.0,0.0,0.0,1.0,1.0,0.0,1.0,0.6,1.0,1.0,1.0,0.0,1.0,0.8,1.5491563407495275
nvbench-v1:3175,102,qwen3:14b,staged,69,0.0,1.0,4,4,1.0,1.0,1.0,20.950566749999997,1,1,single_gold,point,0.0,0.0,0.0,0.0,0.0,0.0,0.0,0.0,0.0,0.0,0.0,0.0,0.0,0.0,0.0,0.0,0.0,0.0,0.0,0.0,0.0,0.0,0.0,0.0,0.0,0.0,0.0,1.0,1.0,0.0,1.0,0.6,1.0,1.0,1.0,0.0,1.0,0.8,1.433755091833772
nvbench-v1:3186,103,qwen3:14b,staged,69,0.0,1.0,1,1,1.0,1.0,1.0,13.206471042000004,1,1,single_gold,point,1.0,1.0,1.0,1.0,1.0,1.0,1.0,1.0,1.0,1.0,1.0,1.0,1.0,1.0,1.0,1.0,1.0,1.0,1.0,1.0,1.0,1.0,1.0,1.0,1.0,1.0,1.0,1.0,1.0,1.0,1.0,1.0,1.0,1.0,1.0,1.0,1.0,1.0,1.0
nvbench-v1:386,104,qwen3:14b,staged,69,0.0,1.0,3,0,1.0,0.0,0.0,15.643119457999994,1,1,single_gold,point,0.0,0.0,0.0,0.0,0.0,0.0,0.0,0.0,0.0,0.0,0.0,0.0,0.0,0.0,0.0,0.0,0.0,0.0,0.0,0.0,0.0,0.0,0.0,0.0,0.0,0.0,0.0,1.0,1.0,0.0,1.0,0.6,1.0,1.0,1.0,0.0,1.0,0.8,1.2116480560276457
